nr_train,num_epochs,n_bad_epochs,num_hidden_layers,hidden_size,batch_size,af_first_layer,af_hidden_layers,af_output_layer,loss_function,dropout,batch_norm,learning_rate,optimizer,weight_decay,epoch_stopped,mse
5873,500,3,3,64,16,Tanh(),LeakyReLU(negative_slope=0.01),None,MSELoss(),0,False,0.01,torch.optim.Adam,0.0001,21,0.5299509
5874,500,3,3,64,16,Tanh(),LeakyReLU(negative_slope=0.01),None,MSELoss(),0,False,1e-05,torch.optim.Adam,0.0001,499,0.5182007
5875,500,3,3,64,16,Tanh(),LeakyReLU(negative_slope=0.01),None,MSELoss(),0.5,False,0.01,torch.optim.Adam,0.0001,11,0.60901415
5876,500,3,3,64,16,Tanh(),LeakyReLU(negative_slope=0.01),None,MSELoss(),0.5,False,1e-05,torch.optim.Adam,0.0001,65,0.5299677
5877,500,3,3,64,16,LeakyReLU(negative_slope=0.01),LeakyReLU(negative_slope=0.01),None,MSELoss(),0,False,0.01,torch.optim.Adam,0.0001,8,0.637977
5878,500,3,3,64,16,LeakyReLU(negative_slope=0.01),LeakyReLU(negative_slope=0.01),None,MSELoss(),0,False,1e-05,torch.optim.Adam,0.0001,315,0.51640946
5879,500,3,3,64,16,LeakyReLU(negative_slope=0.01),LeakyReLU(negative_slope=0.01),None,MSELoss(),0.5,False,0.01,torch.optim.Adam,0.0001,12,0.60800296
5880,500,3,3,64,16,LeakyReLU(negative_slope=0.01),LeakyReLU(negative_slope=0.01),None,MSELoss(),0.5,False,1e-05,torch.optim.Adam,0.0001,58,0.52750206
5881,500,3,3,64,64,Tanh(),LeakyReLU(negative_slope=0.01),None,MSELoss(),0,False,0.01,torch.optim.Adam,0.0001,13,0.52783674
5882,500,3,3,64,64,Tanh(),LeakyReLU(negative_slope=0.01),None,MSELoss(),0,False,1e-05,torch.optim.Adam,0.0001,499,0.5145936
5883,500,3,3,64,64,Tanh(),LeakyReLU(negative_slope=0.01),None,MSELoss(),0,True,0.01,torch.optim.Adam,0.0001,79,0.5325
5884,500,3,3,64,64,Tanh(),LeakyReLU(negative_slope=0.01),None,MSELoss(),0,True,1e-05,torch.optim.Adam,0.0001,378,0.58822453
5885,500,3,3,64,64,Tanh(),LeakyReLU(negative_slope=0.01),None,MSELoss(),0.5,False,0.01,torch.optim.Adam,0.0001,13,0.53964907
5886,500,3,3,64,64,Tanh(),LeakyReLU(negative_slope=0.01),None,MSELoss(),0.5,False,1e-05,torch.optim.Adam,0.0001,68,0.53863126
5887,500,3,3,64,64,Tanh(),LeakyReLU(negative_slope=0.01),None,MSELoss(),0.5,True,0.01,torch.optim.Adam,0.0001,11,0.5273232
5888,500,3,3,64,64,Tanh(),LeakyReLU(negative_slope=0.01),None,MSELoss(),0.5,True,1e-05,torch.optim.Adam,0.0001,84,1.5449473
5889,500,3,3,64,64,LeakyReLU(negative_slope=0.01),LeakyReLU(negative_slope=0.01),None,MSELoss(),0,False,0.01,torch.optim.Adam,0.0001,16,0.5179765
5890,500,3,3,64,64,LeakyReLU(negative_slope=0.01),LeakyReLU(negative_slope=0.01),None,MSELoss(),0,False,1e-05,torch.optim.Adam,0.0001,499,0.51443666
5891,500,3,3,64,64,LeakyReLU(negative_slope=0.01),LeakyReLU(negative_slope=0.01),None,MSELoss(),0,True,0.01,torch.optim.Adam,0.0001,46,0.53172475
5892,500,3,3,64,64,LeakyReLU(negative_slope=0.01),LeakyReLU(negative_slope=0.01),None,MSELoss(),0,True,1e-05,torch.optim.Adam,0.0001,400,0.70065975
5893,500,3,3,64,64,LeakyReLU(negative_slope=0.01),LeakyReLU(negative_slope=0.01),None,MSELoss(),0.5,False,0.01,torch.optim.Adam,0.0001,9,0.659603
5894,500,3,3,64,64,LeakyReLU(negative_slope=0.01),LeakyReLU(negative_slope=0.01),None,MSELoss(),0.5,False,1e-05,torch.optim.Adam,0.0001,49,0.5442924
5895,500,3,3,64,64,LeakyReLU(negative_slope=0.01),LeakyReLU(negative_slope=0.01),None,MSELoss(),0.5,True,0.01,torch.optim.Adam,0.0001,12,0.52202964
5896,500,3,3,64,64,LeakyReLU(negative_slope=0.01),LeakyReLU(negative_slope=0.01),None,MSELoss(),0.5,True,1e-05,torch.optim.Adam,0.0001,41,1.578598
5897,500,3,3,64,256,Tanh(),LeakyReLU(negative_slope=0.01),None,MSELoss(),0,False,0.01,torch.optim.Adam,0.0001,16,0.5178522
5898,500,3,3,64,256,Tanh(),LeakyReLU(negative_slope=0.01),None,MSELoss(),0,False,1e-05,torch.optim.Adam,0.0001,499,0.51426923
5899,500,3,3,64,256,Tanh(),LeakyReLU(negative_slope=0.01),None,MSELoss(),0,True,0.01,torch.optim.Adam,0.0001,26,0.5243378
5900,500,3,3,64,256,Tanh(),LeakyReLU(negative_slope=0.01),None,MSELoss(),0,True,1e-05,torch.optim.Adam,0.0001,499,0.5281356
5901,500,3,3,64,256,Tanh(),LeakyReLU(negative_slope=0.01),None,MSELoss(),0.5,False,0.01,torch.optim.Adam,0.0001,27,0.5375898
5902,500,3,3,64,256,Tanh(),LeakyReLU(negative_slope=0.01),None,MSELoss(),0.5,False,1e-05,torch.optim.Adam,0.0001,80,0.58394766
5903,500,3,3,64,256,Tanh(),LeakyReLU(negative_slope=0.01),None,MSELoss(),0.5,True,0.01,torch.optim.Adam,0.0001,33,0.5249374
5904,500,3,3,64,256,Tanh(),LeakyReLU(negative_slope=0.01),None,MSELoss(),0.5,True,1e-05,torch.optim.Adam,0.0001,107,1.7195615
5905,500,3,3,64,256,LeakyReLU(negative_slope=0.01),LeakyReLU(negative_slope=0.01),None,MSELoss(),0,False,0.01,torch.optim.Adam,0.0001,15,0.5167019
5906,500,3,3,64,256,LeakyReLU(negative_slope=0.01),LeakyReLU(negative_slope=0.01),None,MSELoss(),0,False,1e-05,torch.optim.Adam,0.0001,499,0.512404
5907,500,3,3,64,256,LeakyReLU(negative_slope=0.01),LeakyReLU(negative_slope=0.01),None,MSELoss(),0,True,0.01,torch.optim.Adam,0.0001,18,0.51364625
5908,500,3,3,64,256,LeakyReLU(negative_slope=0.01),LeakyReLU(negative_slope=0.01),None,MSELoss(),0,True,1e-05,torch.optim.Adam,0.0001,493,0.5674392
5909,500,3,3,64,256,LeakyReLU(negative_slope=0.01),LeakyReLU(negative_slope=0.01),None,MSELoss(),0.5,False,0.01,torch.optim.Adam,0.0001,16,0.5350349
5910,500,3,3,64,256,LeakyReLU(negative_slope=0.01),LeakyReLU(negative_slope=0.01),None,MSELoss(),0.5,False,1e-05,torch.optim.Adam,0.0001,53,0.6413686
5911,500,3,3,64,256,LeakyReLU(negative_slope=0.01),LeakyReLU(negative_slope=0.01),None,MSELoss(),0.5,True,0.01,torch.optim.Adam,0.0001,30,0.5228614
5912,500,3,3,64,256,LeakyReLU(negative_slope=0.01),LeakyReLU(negative_slope=0.01),None,MSELoss(),0.5,True,1e-05,torch.optim.Adam,0.0001,119,1.8627442
5913,500,3,3,64,512,Tanh(),LeakyReLU(negative_slope=0.01),None,MSELoss(),0,False,0.01,torch.optim.Adam,0.0001,20,0.5383361
5914,500,3,3,64,512,Tanh(),LeakyReLU(negative_slope=0.01),None,MSELoss(),0,False,1e-05,torch.optim.Adam,0.0001,499,0.51476544
5915,500,3,3,64,512,Tanh(),LeakyReLU(negative_slope=0.01),None,MSELoss(),0,True,0.01,torch.optim.Adam,0.0001,28,0.51572
5916,500,3,3,64,512,Tanh(),LeakyReLU(negative_slope=0.01),None,MSELoss(),0,True,1e-05,torch.optim.Adam,0.0001,499,0.5172561
5917,500,3,3,64,512,Tanh(),LeakyReLU(negative_slope=0.01),None,MSELoss(),0.5,False,0.01,torch.optim.Adam,0.0001,30,0.5450976
5918,500,3,3,64,512,Tanh(),LeakyReLU(negative_slope=0.01),None,MSELoss(),0.5,False,1e-05,torch.optim.Adam,0.0001,78,0.69054604
5919,500,3,3,64,512,Tanh(),LeakyReLU(negative_slope=0.01),None,MSELoss(),0.5,True,0.01,torch.optim.Adam,0.0001,35,0.5294419
5920,500,3,3,64,512,Tanh(),LeakyReLU(negative_slope=0.01),None,MSELoss(),0.5,True,1e-05,torch.optim.Adam,0.0001,198,0.77060515
5921,500,3,3,64,512,LeakyReLU(negative_slope=0.01),LeakyReLU(negative_slope=0.01),None,MSELoss(),0,False,0.01,torch.optim.Adam,0.0001,9,0.513079
5922,500,3,3,64,512,LeakyReLU(negative_slope=0.01),LeakyReLU(negative_slope=0.01),None,MSELoss(),0,False,1e-05,torch.optim.Adam,0.0001,499,0.5139328
5923,500,3,3,64,512,LeakyReLU(negative_slope=0.01),LeakyReLU(negative_slope=0.01),None,MSELoss(),0,True,0.01,torch.optim.Adam,0.0001,32,0.5202855
5924,500,3,3,64,512,LeakyReLU(negative_slope=0.01),LeakyReLU(negative_slope=0.01),None,MSELoss(),0,True,1e-05,torch.optim.Adam,0.0001,499,0.52557844
5925,500,3,3,64,512,LeakyReLU(negative_slope=0.01),LeakyReLU(negative_slope=0.01),None,MSELoss(),0.5,False,0.01,torch.optim.Adam,0.0001,41,0.52062416
5926,500,3,3,64,512,LeakyReLU(negative_slope=0.01),LeakyReLU(negative_slope=0.01),None,MSELoss(),0.5,False,1e-05,torch.optim.Adam,0.0001,97,0.6153017
5927,500,3,3,64,512,LeakyReLU(negative_slope=0.01),LeakyReLU(negative_slope=0.01),None,MSELoss(),0.5,True,0.01,torch.optim.Adam,0.0001,28,0.5344629
5928,500,3,3,64,512,LeakyReLU(negative_slope=0.01),LeakyReLU(negative_slope=0.01),None,MSELoss(),0.5,True,1e-05,torch.optim.Adam,0.0001,192,1.6396039
5929,500,3,3,128,16,Tanh(),LeakyReLU(negative_slope=0.01),None,MSELoss(),0,False,0.01,torch.optim.Adam,0.0001,8,0.528986
5930,500,3,3,128,16,Tanh(),LeakyReLU(negative_slope=0.01),None,MSELoss(),0,False,1e-05,torch.optim.Adam,0.0001,499,0.51772726
5931,500,3,3,128,16,Tanh(),LeakyReLU(negative_slope=0.01),None,MSELoss(),0.5,False,0.01,torch.optim.Adam,0.0001,10,0.65625787
5932,500,3,3,128,16,Tanh(),LeakyReLU(negative_slope=0.01),None,MSELoss(),0.5,False,1e-05,torch.optim.Adam,0.0001,67,0.5218075
5933,500,3,3,128,16,LeakyReLU(negative_slope=0.01),LeakyReLU(negative_slope=0.01),None,MSELoss(),0,False,0.01,torch.optim.Adam,0.0001,10,0.564858
5934,500,3,3,128,16,LeakyReLU(negative_slope=0.01),LeakyReLU(negative_slope=0.01),None,MSELoss(),0,False,1e-05,torch.optim.Adam,0.0001,128,0.5140339
5935,500,3,3,128,16,LeakyReLU(negative_slope=0.01),LeakyReLU(negative_slope=0.01),None,MSELoss(),0.5,False,0.01,torch.optim.Adam,0.0001,11,0.8378555
5936,500,3,3,128,16,LeakyReLU(negative_slope=0.01),LeakyReLU(negative_slope=0.01),None,MSELoss(),0.5,False,1e-05,torch.optim.Adam,0.0001,39,0.52258134
5937,500,3,3,128,64,Tanh(),LeakyReLU(negative_slope=0.01),None,MSELoss(),0,False,0.01,torch.optim.Adam,0.0001,16,0.53928846
5938,500,3,3,128,64,Tanh(),LeakyReLU(negative_slope=0.01),None,MSELoss(),0,False,1e-05,torch.optim.Adam,0.0001,499,0.5145771
5939,500,3,3,128,64,Tanh(),LeakyReLU(negative_slope=0.01),None,MSELoss(),0,True,0.01,torch.optim.Adam,0.0001,181,0.67402405
5940,500,3,3,128,64,Tanh(),LeakyReLU(negative_slope=0.01),None,MSELoss(),0,True,1e-05,torch.optim.Adam,0.0001,251,0.5582592
5941,500,3,3,128,64,Tanh(),LeakyReLU(negative_slope=0.01),None,MSELoss(),0.5,False,0.01,torch.optim.Adam,0.0001,14,0.62120265
5942,500,3,3,128,64,Tanh(),LeakyReLU(negative_slope=0.01),None,MSELoss(),0.5,False,1e-05,torch.optim.Adam,0.0001,50,0.5235927
5943,500,3,3,128,64,Tanh(),LeakyReLU(negative_slope=0.01),None,MSELoss(),0.5,True,0.01,torch.optim.Adam,0.0001,15,0.5235193
5944,500,3,3,128,64,Tanh(),LeakyReLU(negative_slope=0.01),None,MSELoss(),0.5,True,1e-05,torch.optim.Adam,0.0001,42,1.3851999
5945,500,3,3,128,64,LeakyReLU(negative_slope=0.01),LeakyReLU(negative_slope=0.01),None,MSELoss(),0,False,0.01,torch.optim.Adam,0.0001,9,0.63301104
5946,500,3,3,128,64,LeakyReLU(negative_slope=0.01),LeakyReLU(negative_slope=0.01),None,MSELoss(),0,False,1e-05,torch.optim.Adam,0.0001,254,0.51535094
5947,500,3,3,128,64,LeakyReLU(negative_slope=0.01),LeakyReLU(negative_slope=0.01),None,MSELoss(),0,True,0.01,torch.optim.Adam,0.0001,43,0.5248705
5948,500,3,3,128,64,LeakyReLU(negative_slope=0.01),LeakyReLU(negative_slope=0.01),None,MSELoss(),0,True,1e-05,torch.optim.Adam,0.0001,196,0.617007
5949,500,3,3,128,64,LeakyReLU(negative_slope=0.01),LeakyReLU(negative_slope=0.01),None,MSELoss(),0.5,False,0.01,torch.optim.Adam,0.0001,16,1.0502821
5950,500,3,3,128,64,LeakyReLU(negative_slope=0.01),LeakyReLU(negative_slope=0.01),None,MSELoss(),0.5,False,1e-05,torch.optim.Adam,0.0001,35,0.52436787
5951,500,3,3,128,64,LeakyReLU(negative_slope=0.01),LeakyReLU(negative_slope=0.01),None,MSELoss(),0.5,True,0.01,torch.optim.Adam,0.0001,52,0.52031577
5952,500,3,3,128,64,LeakyReLU(negative_slope=0.01),LeakyReLU(negative_slope=0.01),None,MSELoss(),0.5,True,1e-05,torch.optim.Adam,0.0001,30,1.7757021
5953,500,3,3,128,256,Tanh(),LeakyReLU(negative_slope=0.01),None,MSELoss(),0,False,0.01,torch.optim.Adam,0.0001,8,0.5354797
5954,500,3,3,128,256,Tanh(),LeakyReLU(negative_slope=0.01),None,MSELoss(),0,False,1e-05,torch.optim.Adam,0.0001,499,0.51469684
5955,500,3,3,128,256,Tanh(),LeakyReLU(negative_slope=0.01),None,MSELoss(),0,True,0.01,torch.optim.Adam,0.0001,26,0.5187236
5956,500,3,3,128,256,Tanh(),LeakyReLU(negative_slope=0.01),None,MSELoss(),0,True,1e-05,torch.optim.Adam,0.0001,398,0.5275471
5957,500,3,3,128,256,Tanh(),LeakyReLU(negative_slope=0.01),None,MSELoss(),0.5,False,0.01,torch.optim.Adam,0.0001,12,0.59237015
5958,500,3,3,128,256,Tanh(),LeakyReLU(negative_slope=0.01),None,MSELoss(),0.5,False,1e-05,torch.optim.Adam,0.0001,64,0.538924
5959,500,3,3,128,256,Tanh(),LeakyReLU(negative_slope=0.01),None,MSELoss(),0.5,True,0.01,torch.optim.Adam,0.0001,29,0.5239011
5960,500,3,3,128,256,Tanh(),LeakyReLU(negative_slope=0.01),None,MSELoss(),0.5,True,1e-05,torch.optim.Adam,0.0001,69,1.8395635
5961,500,3,3,128,256,LeakyReLU(negative_slope=0.01),LeakyReLU(negative_slope=0.01),None,MSELoss(),0,False,0.01,torch.optim.Adam,0.0001,19,0.513646
5962,500,3,3,128,256,LeakyReLU(negative_slope=0.01),LeakyReLU(negative_slope=0.01),None,MSELoss(),0,False,1e-05,torch.optim.Adam,0.0001,499,0.5132328
5963,500,3,3,128,256,LeakyReLU(negative_slope=0.01),LeakyReLU(negative_slope=0.01),None,MSELoss(),0,True,0.01,torch.optim.Adam,0.0001,13,0.5269091
5964,500,3,3,128,256,LeakyReLU(negative_slope=0.01),LeakyReLU(negative_slope=0.01),None,MSELoss(),0,True,1e-05,torch.optim.Adam,0.0001,246,0.5391797
5965,500,3,3,128,256,LeakyReLU(negative_slope=0.01),LeakyReLU(negative_slope=0.01),None,MSELoss(),0.5,False,0.01,torch.optim.Adam,0.0001,12,0.5769531
5966,500,3,3,128,256,LeakyReLU(negative_slope=0.01),LeakyReLU(negative_slope=0.01),None,MSELoss(),0.5,False,1e-05,torch.optim.Adam,0.0001,62,0.5320776
5967,500,3,3,128,256,LeakyReLU(negative_slope=0.01),LeakyReLU(negative_slope=0.01),None,MSELoss(),0.5,True,0.01,torch.optim.Adam,0.0001,28,0.52294713
5968,500,3,3,128,256,LeakyReLU(negative_slope=0.01),LeakyReLU(negative_slope=0.01),None,MSELoss(),0.5,True,1e-05,torch.optim.Adam,0.0001,74,1.7790833
5969,500,3,3,128,512,Tanh(),LeakyReLU(negative_slope=0.01),None,MSELoss(),0,False,0.01,torch.optim.Adam,0.0001,17,0.53523934
5970,500,3,3,128,512,Tanh(),LeakyReLU(negative_slope=0.01),None,MSELoss(),0,False,1e-05,torch.optim.Adam,0.0001,499,0.5137903
5971,500,3,3,128,512,Tanh(),LeakyReLU(negative_slope=0.01),None,MSELoss(),0,True,0.01,torch.optim.Adam,0.0001,35,0.52887136
5972,500,3,3,128,512,Tanh(),LeakyReLU(negative_slope=0.01),None,MSELoss(),0,True,1e-05,torch.optim.Adam,0.0001,499,0.52074885
5973,500,3,3,128,512,Tanh(),LeakyReLU(negative_slope=0.01),None,MSELoss(),0.5,False,0.01,torch.optim.Adam,0.0001,19,0.52897966
5974,500,3,3,128,512,Tanh(),LeakyReLU(negative_slope=0.01),None,MSELoss(),0.5,False,1e-05,torch.optim.Adam,0.0001,60,0.59120977
5975,500,3,3,128,512,Tanh(),LeakyReLU(negative_slope=0.01),None,MSELoss(),0.5,True,0.01,torch.optim.Adam,0.0001,39,0.5223445
5976,500,3,3,128,512,Tanh(),LeakyReLU(negative_slope=0.01),None,MSELoss(),0.5,True,1e-05,torch.optim.Adam,0.0001,170,0.70300263
5977,500,3,3,128,512,LeakyReLU(negative_slope=0.01),LeakyReLU(negative_slope=0.01),None,MSELoss(),0,False,0.01,torch.optim.Adam,0.0001,35,0.5305349
5978,500,3,3,128,512,LeakyReLU(negative_slope=0.01),LeakyReLU(negative_slope=0.01),None,MSELoss(),0,False,1e-05,torch.optim.Adam,0.0001,499,0.51415694
5979,500,3,3,128,512,LeakyReLU(negative_slope=0.01),LeakyReLU(negative_slope=0.01),None,MSELoss(),0,True,0.01,torch.optim.Adam,0.0001,22,0.5239542
5980,500,3,3,128,512,LeakyReLU(negative_slope=0.01),LeakyReLU(negative_slope=0.01),None,MSELoss(),0,True,1e-05,torch.optim.Adam,0.0001,336,0.5381037
5981,500,3,3,128,512,LeakyReLU(negative_slope=0.01),LeakyReLU(negative_slope=0.01),None,MSELoss(),0.5,False,0.01,torch.optim.Adam,0.0001,59,0.52339023
5982,500,3,3,128,512,LeakyReLU(negative_slope=0.01),LeakyReLU(negative_slope=0.01),None,MSELoss(),0.5,False,1e-05,torch.optim.Adam,0.0001,89,0.54099697
5983,500,3,3,128,512,LeakyReLU(negative_slope=0.01),LeakyReLU(negative_slope=0.01),None,MSELoss(),0.5,True,0.01,torch.optim.Adam,0.0001,51,0.52227056
5984,500,3,3,128,512,LeakyReLU(negative_slope=0.01),LeakyReLU(negative_slope=0.01),None,MSELoss(),0.5,True,1e-05,torch.optim.Adam,0.0001,157,0.62306625
5985,500,3,3,256,16,Tanh(),LeakyReLU(negative_slope=0.01),None,MSELoss(),0,False,0.01,torch.optim.Adam,0.0001,18,0.78538215
5986,500,3,3,256,16,Tanh(),LeakyReLU(negative_slope=0.01),None,MSELoss(),0,False,1e-05,torch.optim.Adam,0.0001,117,0.5167372
5987,500,3,3,256,16,Tanh(),LeakyReLU(negative_slope=0.01),None,MSELoss(),0.5,False,0.01,torch.optim.Adam,0.0001,10,0.6862837
5988,500,3,3,256,16,Tanh(),LeakyReLU(negative_slope=0.01),None,MSELoss(),0.5,False,1e-05,torch.optim.Adam,0.0001,38,0.51864946
5989,500,3,3,256,16,LeakyReLU(negative_slope=0.01),LeakyReLU(negative_slope=0.01),None,MSELoss(),0,False,0.01,torch.optim.Adam,0.0001,11,1.2993859
5990,500,3,3,256,16,LeakyReLU(negative_slope=0.01),LeakyReLU(negative_slope=0.01),None,MSELoss(),0,False,1e-05,torch.optim.Adam,0.0001,55,0.51535976
5991,500,3,3,256,16,LeakyReLU(negative_slope=0.01),LeakyReLU(negative_slope=0.01),None,MSELoss(),0.5,False,0.01,torch.optim.Adam,0.0001,8,1.0293547
5992,500,3,3,256,16,LeakyReLU(negative_slope=0.01),LeakyReLU(negative_slope=0.01),None,MSELoss(),0.5,False,1e-05,torch.optim.Adam,0.0001,40,0.5172055
5993,500,3,3,256,64,Tanh(),LeakyReLU(negative_slope=0.01),None,MSELoss(),0,False,0.01,torch.optim.Adam,0.0001,10,0.822203
5994,500,3,3,256,64,Tanh(),LeakyReLU(negative_slope=0.01),None,MSELoss(),0,False,1e-05,torch.optim.Adam,0.0001,220,0.5132402
5995,500,3,3,256,64,Tanh(),LeakyReLU(negative_slope=0.01),None,MSELoss(),0,True,0.01,torch.optim.Adam,0.0001,205,0.76311237
5996,500,3,3,256,64,Tanh(),LeakyReLU(negative_slope=0.01),None,MSELoss(),0,True,1e-05,torch.optim.Adam,0.0001,111,0.5898555
5997,500,3,3,256,64,Tanh(),LeakyReLU(negative_slope=0.01),None,MSELoss(),0.5,False,0.01,torch.optim.Adam,0.0001,30,0.66455007
5998,500,3,3,256,64,Tanh(),LeakyReLU(negative_slope=0.01),None,MSELoss(),0.5,False,1e-05,torch.optim.Adam,0.0001,32,0.5241811
5999,500,3,3,256,64,Tanh(),LeakyReLU(negative_slope=0.01),None,MSELoss(),0.5,True,0.01,torch.optim.Adam,0.0001,11,0.52279806
6000,500,3,3,256,64,Tanh(),LeakyReLU(negative_slope=0.01),None,MSELoss(),0.5,True,1e-05,torch.optim.Adam,0.0001,56,1.1808867
6001,500,3,3,256,64,LeakyReLU(negative_slope=0.01),LeakyReLU(negative_slope=0.01),None,MSELoss(),0,False,0.01,torch.optim.Adam,0.0001,13,0.8218943
6002,500,3,3,256,64,LeakyReLU(negative_slope=0.01),LeakyReLU(negative_slope=0.01),None,MSELoss(),0,False,1e-05,torch.optim.Adam,0.0001,121,0.51522785
6003,500,3,3,256,64,LeakyReLU(negative_slope=0.01),LeakyReLU(negative_slope=0.01),None,MSELoss(),0,True,0.01,torch.optim.Adam,0.0001,133,0.59715706
6004,500,3,3,256,64,LeakyReLU(negative_slope=0.01),LeakyReLU(negative_slope=0.01),None,MSELoss(),0,True,1e-05,torch.optim.Adam,0.0001,79,0.55773836
6005,500,3,3,256,64,LeakyReLU(negative_slope=0.01),LeakyReLU(negative_slope=0.01),None,MSELoss(),0.5,False,0.01,torch.optim.Adam,0.0001,17,0.62864804
6006,500,3,3,256,64,LeakyReLU(negative_slope=0.01),LeakyReLU(negative_slope=0.01),None,MSELoss(),0.5,False,1e-05,torch.optim.Adam,0.0001,42,0.5172924
6007,500,3,3,256,64,LeakyReLU(negative_slope=0.01),LeakyReLU(negative_slope=0.01),None,MSELoss(),0.5,True,0.01,torch.optim.Adam,0.0001,43,0.5269765
6008,500,3,3,256,64,LeakyReLU(negative_slope=0.01),LeakyReLU(negative_slope=0.01),None,MSELoss(),0.5,True,1e-05,torch.optim.Adam,0.0001,62,1.2755164
6009,500,3,3,256,256,Tanh(),LeakyReLU(negative_slope=0.01),None,MSELoss(),0,False,0.01,torch.optim.Adam,0.0001,25,0.5257265
6010,500,3,3,256,256,Tanh(),LeakyReLU(negative_slope=0.01),None,MSELoss(),0,False,1e-05,torch.optim.Adam,0.0001,499,0.51394826
6011,500,3,3,256,256,Tanh(),LeakyReLU(negative_slope=0.01),None,MSELoss(),0,True,0.01,torch.optim.Adam,0.0001,18,0.53472173
6012,500,3,3,256,256,Tanh(),LeakyReLU(negative_slope=0.01),None,MSELoss(),0,True,1e-05,torch.optim.Adam,0.0001,254,0.5433473
6013,500,3,3,256,256,Tanh(),LeakyReLU(negative_slope=0.01),None,MSELoss(),0.5,False,0.01,torch.optim.Adam,0.0001,19,0.6139452
6014,500,3,3,256,256,Tanh(),LeakyReLU(negative_slope=0.01),None,MSELoss(),0.5,False,1e-05,torch.optim.Adam,0.0001,42,0.52617186
6015,500,3,3,256,256,Tanh(),LeakyReLU(negative_slope=0.01),None,MSELoss(),0.5,True,0.01,torch.optim.Adam,0.0001,32,0.51697147
6016,500,3,3,256,256,Tanh(),LeakyReLU(negative_slope=0.01),None,MSELoss(),0.5,True,1e-05,torch.optim.Adam,0.0001,135,0.8352349
6017,500,3,3,256,256,LeakyReLU(negative_slope=0.01),LeakyReLU(negative_slope=0.01),None,MSELoss(),0,False,0.01,torch.optim.Adam,0.0001,17,0.51802164
6018,500,3,3,256,256,LeakyReLU(negative_slope=0.01),LeakyReLU(negative_slope=0.01),None,MSELoss(),0,False,1e-05,torch.optim.Adam,0.0001,248,0.51481676
6019,500,3,3,256,256,LeakyReLU(negative_slope=0.01),LeakyReLU(negative_slope=0.01),None,MSELoss(),0,True,0.01,torch.optim.Adam,0.0001,13,0.5191907
6020,500,3,3,256,256,LeakyReLU(negative_slope=0.01),LeakyReLU(negative_slope=0.01),None,MSELoss(),0,True,1e-05,torch.optim.Adam,0.0001,180,0.5459112
6021,500,3,3,256,256,LeakyReLU(negative_slope=0.01),LeakyReLU(negative_slope=0.01),None,MSELoss(),0.5,False,0.01,torch.optim.Adam,0.0001,14,0.5346055
6022,500,3,3,256,256,LeakyReLU(negative_slope=0.01),LeakyReLU(negative_slope=0.01),None,MSELoss(),0.5,False,1e-05,torch.optim.Adam,0.0001,30,0.528951
6023,500,3,3,256,256,LeakyReLU(negative_slope=0.01),LeakyReLU(negative_slope=0.01),None,MSELoss(),0.5,True,0.01,torch.optim.Adam,0.0001,19,0.5174097
6024,500,3,3,256,256,LeakyReLU(negative_slope=0.01),LeakyReLU(negative_slope=0.01),None,MSELoss(),0.5,True,1e-05,torch.optim.Adam,0.0001,62,1.1246151
6025,500,3,3,256,512,Tanh(),LeakyReLU(negative_slope=0.01),None,MSELoss(),0,False,0.01,torch.optim.Adam,0.0001,33,0.5457426
6026,500,3,3,256,512,Tanh(),LeakyReLU(negative_slope=0.01),None,MSELoss(),0,False,1e-05,torch.optim.Adam,0.0001,499,0.51360816
6027,500,3,3,256,512,Tanh(),LeakyReLU(negative_slope=0.01),None,MSELoss(),0,True,0.01,torch.optim.Adam,0.0001,32,0.5136958
6028,500,3,3,256,512,Tanh(),LeakyReLU(negative_slope=0.01),None,MSELoss(),0,True,1e-05,torch.optim.Adam,0.0001,408,0.5392394
6029,500,3,3,256,512,Tanh(),LeakyReLU(negative_slope=0.01),None,MSELoss(),0.5,False,0.01,torch.optim.Adam,0.0001,48,0.59218657
6030,500,3,3,256,512,Tanh(),LeakyReLU(negative_slope=0.01),None,MSELoss(),0.5,False,1e-05,torch.optim.Adam,0.0001,37,0.5485663
6031,500,3,3,256,512,Tanh(),LeakyReLU(negative_slope=0.01),None,MSELoss(),0.5,True,0.01,torch.optim.Adam,0.0001,43,0.5174218
6032,500,3,3,256,512,Tanh(),LeakyReLU(negative_slope=0.01),None,MSELoss(),0.5,True,1e-05,torch.optim.Adam,0.0001,80,1.3063607
6033,500,3,3,256,512,LeakyReLU(negative_slope=0.01),LeakyReLU(negative_slope=0.01),None,MSELoss(),0,False,0.01,torch.optim.Adam,0.0001,10,0.5262797
6034,500,3,3,256,512,LeakyReLU(negative_slope=0.01),LeakyReLU(negative_slope=0.01),None,MSELoss(),0,False,1e-05,torch.optim.Adam,0.0001,291,0.5139871
6035,500,3,3,256,512,LeakyReLU(negative_slope=0.01),LeakyReLU(negative_slope=0.01),None,MSELoss(),0,True,0.01,torch.optim.Adam,0.0001,10,0.5758
6036,500,3,3,256,512,LeakyReLU(negative_slope=0.01),LeakyReLU(negative_slope=0.01),None,MSELoss(),0,True,1e-05,torch.optim.Adam,0.0001,238,0.525366
6037,500,3,3,256,512,LeakyReLU(negative_slope=0.01),LeakyReLU(negative_slope=0.01),None,MSELoss(),0.5,False,0.01,torch.optim.Adam,0.0001,39,0.92600405
6038,500,3,3,256,512,LeakyReLU(negative_slope=0.01),LeakyReLU(negative_slope=0.01),None,MSELoss(),0.5,False,1e-05,torch.optim.Adam,0.0001,58,0.5257457
6039,500,3,3,256,512,LeakyReLU(negative_slope=0.01),LeakyReLU(negative_slope=0.01),None,MSELoss(),0.5,True,0.01,torch.optim.Adam,0.0001,28,0.5238694
6040,500,3,3,256,512,LeakyReLU(negative_slope=0.01),LeakyReLU(negative_slope=0.01),None,MSELoss(),0.5,True,1e-05,torch.optim.Adam,0.0001,87,1.3237172
6041,500,3,5,64,16,Tanh(),LeakyReLU(negative_slope=0.01),None,MSELoss(),0,False,0.01,torch.optim.Adam,0.0001,8,0.54058933
6042,500,3,5,64,16,Tanh(),LeakyReLU(negative_slope=0.01),None,MSELoss(),0,False,1e-05,torch.optim.Adam,0.0001,499,0.5172157
6043,500,3,5,64,16,Tanh(),LeakyReLU(negative_slope=0.01),None,MSELoss(),0.5,False,0.01,torch.optim.Adam,0.0001,8,0.998319
6044,500,3,5,64,16,Tanh(),LeakyReLU(negative_slope=0.01),None,MSELoss(),0.5,False,1e-05,torch.optim.Adam,0.0001,55,0.5474657
6045,500,3,5,64,16,LeakyReLU(negative_slope=0.01),LeakyReLU(negative_slope=0.01),None,MSELoss(),0,False,0.01,torch.optim.Adam,0.0001,8,0.6313692
6046,500,3,5,64,16,LeakyReLU(negative_slope=0.01),LeakyReLU(negative_slope=0.01),None,MSELoss(),0,False,1e-05,torch.optim.Adam,0.0001,381,0.51660216
6047,500,3,5,64,16,LeakyReLU(negative_slope=0.01),LeakyReLU(negative_slope=0.01),None,MSELoss(),0.5,False,0.01,torch.optim.Adam,0.0001,9,0.8101627
6048,500,3,5,64,16,LeakyReLU(negative_slope=0.01),LeakyReLU(negative_slope=0.01),None,MSELoss(),0.5,False,1e-05,torch.optim.Adam,0.0001,73,0.5358282
6049,500,3,5,64,64,Tanh(),LeakyReLU(negative_slope=0.01),None,MSELoss(),0,False,0.01,torch.optim.Adam,0.0001,8,0.53604156
6050,500,3,5,64,64,Tanh(),LeakyReLU(negative_slope=0.01),None,MSELoss(),0,False,1e-05,torch.optim.Adam,0.0001,499,0.51520956
6051,500,3,5,64,64,Tanh(),LeakyReLU(negative_slope=0.01),None,MSELoss(),0,True,0.01,torch.optim.Adam,0.0001,27,0.51822203
6052,500,3,5,64,64,Tanh(),LeakyReLU(negative_slope=0.01),None,MSELoss(),0,True,1e-05,torch.optim.Adam,0.0001,324,0.63695276
6053,500,3,5,64,64,Tanh(),LeakyReLU(negative_slope=0.01),None,MSELoss(),0.5,False,0.01,torch.optim.Adam,0.0001,10,1.7721065
6054,500,3,5,64,64,Tanh(),LeakyReLU(negative_slope=0.01),None,MSELoss(),0.5,False,1e-05,torch.optim.Adam,0.0001,91,0.5561142
6055,500,3,5,64,64,Tanh(),LeakyReLU(negative_slope=0.01),None,MSELoss(),0.5,True,0.01,torch.optim.Adam,0.0001,11,0.5262083
6056,500,3,5,64,64,Tanh(),LeakyReLU(negative_slope=0.01),None,MSELoss(),0.5,True,1e-05,torch.optim.Adam,0.0001,60,1.0429657
6057,500,3,5,64,64,LeakyReLU(negative_slope=0.01),LeakyReLU(negative_slope=0.01),None,MSELoss(),0,False,0.01,torch.optim.Adam,0.0001,12,0.51939785
6058,500,3,5,64,64,LeakyReLU(negative_slope=0.01),LeakyReLU(negative_slope=0.01),None,MSELoss(),0,False,1e-05,torch.optim.Adam,0.0001,499,0.5141828
6059,500,3,5,64,64,LeakyReLU(negative_slope=0.01),LeakyReLU(negative_slope=0.01),None,MSELoss(),0,True,0.01,torch.optim.Adam,0.0001,61,0.5600394
6060,500,3,5,64,64,LeakyReLU(negative_slope=0.01),LeakyReLU(negative_slope=0.01),None,MSELoss(),0,True,1e-05,torch.optim.Adam,0.0001,256,0.62632036
6061,500,3,5,64,64,LeakyReLU(negative_slope=0.01),LeakyReLU(negative_slope=0.01),None,MSELoss(),0.5,False,0.01,torch.optim.Adam,0.0001,12,42.76998
6062,500,3,5,64,64,LeakyReLU(negative_slope=0.01),LeakyReLU(negative_slope=0.01),None,MSELoss(),0.5,False,1e-05,torch.optim.Adam,0.0001,78,0.5688318
6063,500,3,5,64,64,LeakyReLU(negative_slope=0.01),LeakyReLU(negative_slope=0.01),None,MSELoss(),0.5,True,0.01,torch.optim.Adam,0.0001,13,0.52427787
6064,500,3,5,64,64,LeakyReLU(negative_slope=0.01),LeakyReLU(negative_slope=0.01),None,MSELoss(),0.5,True,1e-05,torch.optim.Adam,0.0001,42,1.1327933
6065,500,3,5,64,256,Tanh(),LeakyReLU(negative_slope=0.01),None,MSELoss(),0,False,0.01,torch.optim.Adam,0.0001,14,0.518083
6066,500,3,5,64,256,Tanh(),LeakyReLU(negative_slope=0.01),None,MSELoss(),0,False,1e-05,torch.optim.Adam,0.0001,499,0.5144903
6067,500,3,5,64,256,Tanh(),LeakyReLU(negative_slope=0.01),None,MSELoss(),0,True,0.01,torch.optim.Adam,0.0001,29,0.5411015
6068,500,3,5,64,256,Tanh(),LeakyReLU(negative_slope=0.01),None,MSELoss(),0,True,1e-05,torch.optim.Adam,0.0001,495,0.5488252
6069,500,3,5,64,256,Tanh(),LeakyReLU(negative_slope=0.01),None,MSELoss(),0.5,False,0.01,torch.optim.Adam,0.0001,16,0.65591794
6070,500,3,5,64,256,Tanh(),LeakyReLU(negative_slope=0.01),None,MSELoss(),0.5,False,1e-05,torch.optim.Adam,0.0001,74,0.65065455
6071,500,3,5,64,256,Tanh(),LeakyReLU(negative_slope=0.01),None,MSELoss(),0.5,True,0.01,torch.optim.Adam,0.0001,31,0.52625525
6072,500,3,5,64,256,Tanh(),LeakyReLU(negative_slope=0.01),None,MSELoss(),0.5,True,1e-05,torch.optim.Adam,0.0001,109,1.8598047
6073,500,3,5,64,256,LeakyReLU(negative_slope=0.01),LeakyReLU(negative_slope=0.01),None,MSELoss(),0,False,0.01,torch.optim.Adam,0.0001,20,0.51734585
6074,500,3,5,64,256,LeakyReLU(negative_slope=0.01),LeakyReLU(negative_slope=0.01),None,MSELoss(),0,False,1e-05,torch.optim.Adam,0.0001,499,0.5136
6075,500,3,5,64,256,LeakyReLU(negative_slope=0.01),LeakyReLU(negative_slope=0.01),None,MSELoss(),0,True,0.01,torch.optim.Adam,0.0001,13,0.56388104
6076,500,3,5,64,256,LeakyReLU(negative_slope=0.01),LeakyReLU(negative_slope=0.01),None,MSELoss(),0,True,1e-05,torch.optim.Adam,0.0001,375,0.56726754
6077,500,3,5,64,256,LeakyReLU(negative_slope=0.01),LeakyReLU(negative_slope=0.01),None,MSELoss(),0.5,False,0.01,torch.optim.Adam,0.0001,39,0.5284867
6078,500,3,5,64,256,LeakyReLU(negative_slope=0.01),LeakyReLU(negative_slope=0.01),None,MSELoss(),0.5,False,1e-05,torch.optim.Adam,0.0001,72,0.61251545
6079,500,3,5,64,256,LeakyReLU(negative_slope=0.01),LeakyReLU(negative_slope=0.01),None,MSELoss(),0.5,True,0.01,torch.optim.Adam,0.0001,34,0.52239686
6080,500,3,5,64,256,LeakyReLU(negative_slope=0.01),LeakyReLU(negative_slope=0.01),None,MSELoss(),0.5,True,1e-05,torch.optim.Adam,0.0001,106,2.0794065
6081,500,3,5,64,512,Tanh(),LeakyReLU(negative_slope=0.01),None,MSELoss(),0,False,0.01,torch.optim.Adam,0.0001,20,0.525959
6082,500,3,5,64,512,Tanh(),LeakyReLU(negative_slope=0.01),None,MSELoss(),0,False,1e-05,torch.optim.Adam,0.0001,499,0.51455086
6083,500,3,5,64,512,Tanh(),LeakyReLU(negative_slope=0.01),None,MSELoss(),0,True,0.01,torch.optim.Adam,0.0001,24,0.52763546
6084,500,3,5,64,512,Tanh(),LeakyReLU(negative_slope=0.01),None,MSELoss(),0,True,1e-05,torch.optim.Adam,0.0001,499,0.5284316
6085,500,3,5,64,512,Tanh(),LeakyReLU(negative_slope=0.01),None,MSELoss(),0.5,False,0.01,torch.optim.Adam,0.0001,38,0.5352018
6086,500,3,5,64,512,Tanh(),LeakyReLU(negative_slope=0.01),None,MSELoss(),0.5,False,1e-05,torch.optim.Adam,0.0001,122,0.6578342
6087,500,3,5,64,512,Tanh(),LeakyReLU(negative_slope=0.01),None,MSELoss(),0.5,True,0.01,torch.optim.Adam,0.0001,34,0.5314112
6088,500,3,5,64,512,Tanh(),LeakyReLU(negative_slope=0.01),None,MSELoss(),0.5,True,1e-05,torch.optim.Adam,0.0001,187,1.8337564
6089,500,3,5,64,512,LeakyReLU(negative_slope=0.01),LeakyReLU(negative_slope=0.01),None,MSELoss(),0,False,0.01,torch.optim.Adam,0.0001,48,0.5173248
6090,500,3,5,64,512,LeakyReLU(negative_slope=0.01),LeakyReLU(negative_slope=0.01),None,MSELoss(),0,False,1e-05,torch.optim.Adam,0.0001,499,0.51361835
6091,500,3,5,64,512,LeakyReLU(negative_slope=0.01),LeakyReLU(negative_slope=0.01),None,MSELoss(),0,True,0.01,torch.optim.Adam,0.0001,31,0.51664865
6092,500,3,5,64,512,LeakyReLU(negative_slope=0.01),LeakyReLU(negative_slope=0.01),None,MSELoss(),0,True,1e-05,torch.optim.Adam,0.0001,499,0.5722011
6093,500,3,5,64,512,LeakyReLU(negative_slope=0.01),LeakyReLU(negative_slope=0.01),None,MSELoss(),0.5,False,0.01,torch.optim.Adam,0.0001,48,0.5233992
6094,500,3,5,64,512,LeakyReLU(negative_slope=0.01),LeakyReLU(negative_slope=0.01),None,MSELoss(),0.5,False,1e-05,torch.optim.Adam,0.0001,91,0.641818
6095,500,3,5,64,512,LeakyReLU(negative_slope=0.01),LeakyReLU(negative_slope=0.01),None,MSELoss(),0.5,True,0.01,torch.optim.Adam,0.0001,46,0.5161333
6096,500,3,5,64,512,LeakyReLU(negative_slope=0.01),LeakyReLU(negative_slope=0.01),None,MSELoss(),0.5,True,1e-05,torch.optim.Adam,0.0001,196,2.3779097
6097,500,3,5,128,16,Tanh(),LeakyReLU(negative_slope=0.01),None,MSELoss(),0,False,0.01,torch.optim.Adam,0.0001,13,8757.4
6098,500,3,5,128,16,Tanh(),LeakyReLU(negative_slope=0.01),None,MSELoss(),0,False,1e-05,torch.optim.Adam,0.0001,204,0.5169476
6099,500,3,5,128,16,Tanh(),LeakyReLU(negative_slope=0.01),None,MSELoss(),0.5,False,0.01,torch.optim.Adam,0.0001,8,67.90459
6100,500,3,5,128,16,Tanh(),LeakyReLU(negative_slope=0.01),None,MSELoss(),0.5,False,1e-05,torch.optim.Adam,0.0001,34,0.5550371
6101,500,3,5,128,16,LeakyReLU(negative_slope=0.01),LeakyReLU(negative_slope=0.01),None,MSELoss(),0,False,0.01,torch.optim.Adam,0.0001,13,7822.034
6102,500,3,5,128,16,LeakyReLU(negative_slope=0.01),LeakyReLU(negative_slope=0.01),None,MSELoss(),0,False,1e-05,torch.optim.Adam,0.0001,128,0.5160484
6103,500,3,5,128,16,LeakyReLU(negative_slope=0.01),LeakyReLU(negative_slope=0.01),None,MSELoss(),0.5,False,0.01,torch.optim.Adam,0.0001,12,98125.02
6104,500,3,5,128,16,LeakyReLU(negative_slope=0.01),LeakyReLU(negative_slope=0.01),None,MSELoss(),0.5,False,1e-05,torch.optim.Adam,0.0001,42,0.5411792
6105,500,3,5,128,64,Tanh(),LeakyReLU(negative_slope=0.01),None,MSELoss(),0,False,0.01,torch.optim.Adam,0.0001,9,0.78956026
6106,500,3,5,128,64,Tanh(),LeakyReLU(negative_slope=0.01),None,MSELoss(),0,False,1e-05,torch.optim.Adam,0.0001,389,0.51421195
6107,500,3,5,128,64,Tanh(),LeakyReLU(negative_slope=0.01),None,MSELoss(),0,True,0.01,torch.optim.Adam,0.0001,201,0.68556666
6108,500,3,5,128,64,Tanh(),LeakyReLU(negative_slope=0.01),None,MSELoss(),0,True,1e-05,torch.optim.Adam,0.0001,129,0.64103085
6109,500,3,5,128,64,Tanh(),LeakyReLU(negative_slope=0.01),None,MSELoss(),0.5,False,0.01,torch.optim.Adam,0.0001,11,5.333967
6110,500,3,5,128,64,Tanh(),LeakyReLU(negative_slope=0.01),None,MSELoss(),0.5,False,1e-05,torch.optim.Adam,0.0001,54,0.55019003
6111,500,3,5,128,64,Tanh(),LeakyReLU(negative_slope=0.01),None,MSELoss(),0.5,True,0.01,torch.optim.Adam,0.0001,11,0.5206721
6112,500,3,5,128,64,Tanh(),LeakyReLU(negative_slope=0.01),None,MSELoss(),0.5,True,1e-05,torch.optim.Adam,0.0001,52,1.0704676
6113,500,3,5,128,64,LeakyReLU(negative_slope=0.01),LeakyReLU(negative_slope=0.01),None,MSELoss(),0,False,0.01,torch.optim.Adam,0.0001,11,0.74520105
6114,500,3,5,128,64,LeakyReLU(negative_slope=0.01),LeakyReLU(negative_slope=0.01),None,MSELoss(),0,False,1e-05,torch.optim.Adam,0.0001,247,0.51406735
6115,500,3,5,128,64,LeakyReLU(negative_slope=0.01),LeakyReLU(negative_slope=0.01),None,MSELoss(),0,True,0.01,torch.optim.Adam,0.0001,178,0.61200535
6116,500,3,5,128,64,LeakyReLU(negative_slope=0.01),LeakyReLU(negative_slope=0.01),None,MSELoss(),0,True,1e-05,torch.optim.Adam,0.0001,155,0.7265028
6117,500,3,5,128,64,LeakyReLU(negative_slope=0.01),LeakyReLU(negative_slope=0.01),None,MSELoss(),0.5,False,0.01,torch.optim.Adam,0.0001,9,10.727451
6118,500,3,5,128,64,LeakyReLU(negative_slope=0.01),LeakyReLU(negative_slope=0.01),None,MSELoss(),0.5,False,1e-05,torch.optim.Adam,0.0001,31,0.5553361
6119,500,3,5,128,64,LeakyReLU(negative_slope=0.01),LeakyReLU(negative_slope=0.01),None,MSELoss(),0.5,True,0.01,torch.optim.Adam,0.0001,21,0.5187388
6120,500,3,5,128,64,LeakyReLU(negative_slope=0.01),LeakyReLU(negative_slope=0.01),None,MSELoss(),0.5,True,1e-05,torch.optim.Adam,0.0001,106,1.0460962
6121,500,3,5,128,256,Tanh(),LeakyReLU(negative_slope=0.01),None,MSELoss(),0,False,0.01,torch.optim.Adam,0.0001,10,0.5315417
6122,500,3,5,128,256,Tanh(),LeakyReLU(negative_slope=0.01),None,MSELoss(),0,False,1e-05,torch.optim.Adam,0.0001,499,0.51488596
6123,500,3,5,128,256,Tanh(),LeakyReLU(negative_slope=0.01),None,MSELoss(),0,True,0.01,torch.optim.Adam,0.0001,12,0.5314319
6124,500,3,5,128,256,Tanh(),LeakyReLU(negative_slope=0.01),None,MSELoss(),0,True,1e-05,torch.optim.Adam,0.0001,328,0.58340746
6125,500,3,5,128,256,Tanh(),LeakyReLU(negative_slope=0.01),None,MSELoss(),0.5,False,0.01,torch.optim.Adam,0.0001,16,190.61252
6126,500,3,5,128,256,Tanh(),LeakyReLU(negative_slope=0.01),None,MSELoss(),0.5,False,1e-05,torch.optim.Adam,0.0001,49,0.58147997
6127,500,3,5,128,256,Tanh(),LeakyReLU(negative_slope=0.01),None,MSELoss(),0.5,True,0.01,torch.optim.Adam,0.0001,50,0.51887584
6128,500,3,5,128,256,Tanh(),LeakyReLU(negative_slope=0.01),None,MSELoss(),0.5,True,1e-05,torch.optim.Adam,0.0001,70,1.2928287
6129,500,3,5,128,256,LeakyReLU(negative_slope=0.01),LeakyReLU(negative_slope=0.01),None,MSELoss(),0,False,0.01,torch.optim.Adam,0.0001,27,0.517214
6130,500,3,5,128,256,LeakyReLU(negative_slope=0.01),LeakyReLU(negative_slope=0.01),None,MSELoss(),0,False,1e-05,torch.optim.Adam,0.0001,459,0.5136185
6131,500,3,5,128,256,LeakyReLU(negative_slope=0.01),LeakyReLU(negative_slope=0.01),None,MSELoss(),0,True,0.01,torch.optim.Adam,0.0001,12,0.5655875
6132,500,3,5,128,256,LeakyReLU(negative_slope=0.01),LeakyReLU(negative_slope=0.01),None,MSELoss(),0,True,1e-05,torch.optim.Adam,0.0001,248,0.5806522
6133,500,3,5,128,256,LeakyReLU(negative_slope=0.01),LeakyReLU(negative_slope=0.01),None,MSELoss(),0.5,False,0.01,torch.optim.Adam,0.0001,10,121.537796
6134,500,3,5,128,256,LeakyReLU(negative_slope=0.01),LeakyReLU(negative_slope=0.01),None,MSELoss(),0.5,False,1e-05,torch.optim.Adam,0.0001,74,0.55330527
6135,500,3,5,128,256,LeakyReLU(negative_slope=0.01),LeakyReLU(negative_slope=0.01),None,MSELoss(),0.5,True,0.01,torch.optim.Adam,0.0001,19,0.52535
6136,500,3,5,128,256,LeakyReLU(negative_slope=0.01),LeakyReLU(negative_slope=0.01),None,MSELoss(),0.5,True,1e-05,torch.optim.Adam,0.0001,65,1.5972514
6137,500,3,5,128,512,Tanh(),LeakyReLU(negative_slope=0.01),None,MSELoss(),0,False,0.01,torch.optim.Adam,0.0001,9,0.5160201
6138,500,3,5,128,512,Tanh(),LeakyReLU(negative_slope=0.01),None,MSELoss(),0,False,1e-05,torch.optim.Adam,0.0001,499,0.5138603
6139,500,3,5,128,512,Tanh(),LeakyReLU(negative_slope=0.01),None,MSELoss(),0,True,0.01,torch.optim.Adam,0.0001,11,0.53410137
6140,500,3,5,128,512,Tanh(),LeakyReLU(negative_slope=0.01),None,MSELoss(),0,True,1e-05,torch.optim.Adam,0.0001,370,0.5413149
6141,500,3,5,128,512,Tanh(),LeakyReLU(negative_slope=0.01),None,MSELoss(),0.5,False,0.01,torch.optim.Adam,0.0001,24,0.65420854
6142,500,3,5,128,512,Tanh(),LeakyReLU(negative_slope=0.01),None,MSELoss(),0.5,False,1e-05,torch.optim.Adam,0.0001,65,0.59759575
6143,500,3,5,128,512,Tanh(),LeakyReLU(negative_slope=0.01),None,MSELoss(),0.5,True,0.01,torch.optim.Adam,0.0001,37,0.5240073
6144,500,3,5,128,512,Tanh(),LeakyReLU(negative_slope=0.01),None,MSELoss(),0.5,True,1e-05,torch.optim.Adam,0.0001,128,2.4741673
6145,500,3,5,128,512,LeakyReLU(negative_slope=0.01),LeakyReLU(negative_slope=0.01),None,MSELoss(),0,False,0.01,torch.optim.Adam,0.0001,22,0.5357823
6146,500,3,5,128,512,LeakyReLU(negative_slope=0.01),LeakyReLU(negative_slope=0.01),None,MSELoss(),0,False,1e-05,torch.optim.Adam,0.0001,499,0.51359534
6147,500,3,5,128,512,LeakyReLU(negative_slope=0.01),LeakyReLU(negative_slope=0.01),None,MSELoss(),0,True,0.01,torch.optim.Adam,0.0001,28,0.5516638
6148,500,3,5,128,512,LeakyReLU(negative_slope=0.01),LeakyReLU(negative_slope=0.01),None,MSELoss(),0,True,1e-05,torch.optim.Adam,0.0001,291,0.55433893
6149,500,3,5,128,512,LeakyReLU(negative_slope=0.01),LeakyReLU(negative_slope=0.01),None,MSELoss(),0.5,False,0.01,torch.optim.Adam,0.0001,42,0.52174085
6150,500,3,5,128,512,LeakyReLU(negative_slope=0.01),LeakyReLU(negative_slope=0.01),None,MSELoss(),0.5,False,1e-05,torch.optim.Adam,0.0001,55,0.5891648
6151,500,3,5,128,512,LeakyReLU(negative_slope=0.01),LeakyReLU(negative_slope=0.01),None,MSELoss(),0.5,True,0.01,torch.optim.Adam,0.0001,41,0.5231873
6152,500,3,5,128,512,LeakyReLU(negative_slope=0.01),LeakyReLU(negative_slope=0.01),None,MSELoss(),0.5,True,1e-05,torch.optim.Adam,0.0001,125,2.167174
6153,500,3,5,256,16,Tanh(),LeakyReLU(negative_slope=0.01),None,MSELoss(),0,False,0.01,torch.optim.Adam,0.0001,12,93171.25
6154,500,3,5,256,16,Tanh(),LeakyReLU(negative_slope=0.01),None,MSELoss(),0,False,1e-05,torch.optim.Adam,0.0001,83,0.51570106
6155,500,3,5,256,16,Tanh(),LeakyReLU(negative_slope=0.01),None,MSELoss(),0.5,False,0.01,torch.optim.Adam,0.0001,9,4938.229
6156,500,3,5,256,16,Tanh(),LeakyReLU(negative_slope=0.01),None,MSELoss(),0.5,False,1e-05,torch.optim.Adam,0.0001,53,0.5307078
6157,500,3,5,256,16,LeakyReLU(negative_slope=0.01),LeakyReLU(negative_slope=0.01),None,MSELoss(),0,False,0.01,torch.optim.Adam,0.0001,10,4792.107
6158,500,3,5,256,16,LeakyReLU(negative_slope=0.01),LeakyReLU(negative_slope=0.01),None,MSELoss(),0,False,1e-05,torch.optim.Adam,0.0001,57,0.5154011
6159,500,3,5,256,16,LeakyReLU(negative_slope=0.01),LeakyReLU(negative_slope=0.01),None,MSELoss(),0.5,False,0.01,torch.optim.Adam,0.0001,8,24017114.0
6160,500,3,5,256,16,LeakyReLU(negative_slope=0.01),LeakyReLU(negative_slope=0.01),None,MSELoss(),0.5,False,1e-05,torch.optim.Adam,0.0001,31,0.52660346
6161,500,3,5,256,64,Tanh(),LeakyReLU(negative_slope=0.01),None,MSELoss(),0,False,0.01,torch.optim.Adam,0.0001,10,11.305194
6162,500,3,5,256,64,Tanh(),LeakyReLU(negative_slope=0.01),None,MSELoss(),0,False,1e-05,torch.optim.Adam,0.0001,152,0.51433074
6163,500,3,5,256,64,Tanh(),LeakyReLU(negative_slope=0.01),None,MSELoss(),0,True,0.01,torch.optim.Adam,0.0001,206,0.69080526
6164,500,3,5,256,64,Tanh(),LeakyReLU(negative_slope=0.01),None,MSELoss(),0,True,1e-05,torch.optim.Adam,0.0001,66,0.69151425
6165,500,3,5,256,64,Tanh(),LeakyReLU(negative_slope=0.01),None,MSELoss(),0.5,False,0.01,torch.optim.Adam,0.0001,18,1337197.6
6166,500,3,5,256,64,Tanh(),LeakyReLU(negative_slope=0.01),None,MSELoss(),0.5,False,1e-05,torch.optim.Adam,0.0001,40,0.5477822
6167,500,3,5,256,64,Tanh(),LeakyReLU(negative_slope=0.01),None,MSELoss(),0.5,True,0.01,torch.optim.Adam,0.0001,11,0.5194701
6168,500,3,5,256,64,Tanh(),LeakyReLU(negative_slope=0.01),None,MSELoss(),0.5,True,1e-05,torch.optim.Adam,0.0001,55,1.211182
6169,500,3,5,256,64,LeakyReLU(negative_slope=0.01),LeakyReLU(negative_slope=0.01),None,MSELoss(),0,False,0.01,torch.optim.Adam,0.0001,18,11.603851
6170,500,3,5,256,64,LeakyReLU(negative_slope=0.01),LeakyReLU(negative_slope=0.01),None,MSELoss(),0,False,1e-05,torch.optim.Adam,0.0001,123,0.51482505
6171,500,3,5,256,64,LeakyReLU(negative_slope=0.01),LeakyReLU(negative_slope=0.01),None,MSELoss(),0,True,0.01,torch.optim.Adam,0.0001,190,0.58987474
6172,500,3,5,256,64,LeakyReLU(negative_slope=0.01),LeakyReLU(negative_slope=0.01),None,MSELoss(),0,True,1e-05,torch.optim.Adam,0.0001,57,0.67873603
6173,500,3,5,256,64,LeakyReLU(negative_slope=0.01),LeakyReLU(negative_slope=0.01),None,MSELoss(),0.5,False,0.01,torch.optim.Adam,0.0001,8,8.184353
6174,500,3,5,256,64,LeakyReLU(negative_slope=0.01),LeakyReLU(negative_slope=0.01),None,MSELoss(),0.5,False,1e-05,torch.optim.Adam,0.0001,31,0.5344358
6175,500,3,5,256,64,LeakyReLU(negative_slope=0.01),LeakyReLU(negative_slope=0.01),None,MSELoss(),0.5,True,0.01,torch.optim.Adam,0.0001,77,0.5484265
6176,500,3,5,256,64,LeakyReLU(negative_slope=0.01),LeakyReLU(negative_slope=0.01),None,MSELoss(),0.5,True,1e-05,torch.optim.Adam,0.0001,75,1.5201317
6177,500,3,5,256,256,Tanh(),LeakyReLU(negative_slope=0.01),None,MSELoss(),0,False,0.01,torch.optim.Adam,0.0001,27,5714.0645
6178,500,3,5,256,256,Tanh(),LeakyReLU(negative_slope=0.01),None,MSELoss(),0,False,1e-05,torch.optim.Adam,0.0001,355,0.51231414
6179,500,3,5,256,256,Tanh(),LeakyReLU(negative_slope=0.01),None,MSELoss(),0,True,0.01,torch.optim.Adam,0.0001,9,0.5851424
6180,500,3,5,256,256,Tanh(),LeakyReLU(negative_slope=0.01),None,MSELoss(),0,True,1e-05,torch.optim.Adam,0.0001,151,0.58837616
6181,500,3,5,256,256,Tanh(),LeakyReLU(negative_slope=0.01),None,MSELoss(),0.5,False,0.01,torch.optim.Adam,0.0001,9,143.72621
6182,500,3,5,256,256,Tanh(),LeakyReLU(negative_slope=0.01),None,MSELoss(),0.5,False,1e-05,torch.optim.Adam,0.0001,42,0.54496926
6183,500,3,5,256,256,Tanh(),LeakyReLU(negative_slope=0.01),None,MSELoss(),0.5,True,0.01,torch.optim.Adam,0.0001,33,0.5217995
6184,500,3,5,256,256,Tanh(),LeakyReLU(negative_slope=0.01),None,MSELoss(),0.5,True,1e-05,torch.optim.Adam,0.0001,44,1.4267191
6185,500,3,5,256,256,LeakyReLU(negative_slope=0.01),LeakyReLU(negative_slope=0.01),None,MSELoss(),0,False,0.01,torch.optim.Adam,0.0001,10,0.516591
6186,500,3,5,256,256,LeakyReLU(negative_slope=0.01),LeakyReLU(negative_slope=0.01),None,MSELoss(),0,False,1e-05,torch.optim.Adam,0.0001,261,0.5143252
6187,500,3,5,256,256,LeakyReLU(negative_slope=0.01),LeakyReLU(negative_slope=0.01),None,MSELoss(),0,True,0.01,torch.optim.Adam,0.0001,9,0.5283505
6188,500,3,5,256,256,LeakyReLU(negative_slope=0.01),LeakyReLU(negative_slope=0.01),None,MSELoss(),0,True,1e-05,torch.optim.Adam,0.0001,135,0.5737491
6189,500,3,5,256,256,LeakyReLU(negative_slope=0.01),LeakyReLU(negative_slope=0.01),None,MSELoss(),0.5,False,0.01,torch.optim.Adam,0.0001,17,774.9341
6190,500,3,5,256,256,LeakyReLU(negative_slope=0.01),LeakyReLU(negative_slope=0.01),None,MSELoss(),0.5,False,1e-05,torch.optim.Adam,0.0001,30,0.543601
6191,500,3,5,256,256,LeakyReLU(negative_slope=0.01),LeakyReLU(negative_slope=0.01),None,MSELoss(),0.5,True,0.01,torch.optim.Adam,0.0001,34,0.52136123
6192,500,3,5,256,256,LeakyReLU(negative_slope=0.01),LeakyReLU(negative_slope=0.01),None,MSELoss(),0.5,True,1e-05,torch.optim.Adam,0.0001,69,1.3581328
6193,500,3,5,256,512,Tanh(),LeakyReLU(negative_slope=0.01),None,MSELoss(),0,False,0.01,torch.optim.Adam,0.0001,35,0.54480976
6194,500,3,5,256,512,Tanh(),LeakyReLU(negative_slope=0.01),None,MSELoss(),0,False,1e-05,torch.optim.Adam,0.0001,499,0.513814
6195,500,3,5,256,512,Tanh(),LeakyReLU(negative_slope=0.01),None,MSELoss(),0,True,0.01,torch.optim.Adam,0.0001,11,0.5325224
6196,500,3,5,256,512,Tanh(),LeakyReLU(negative_slope=0.01),None,MSELoss(),0,True,1e-05,torch.optim.Adam,0.0001,222,0.5468016
6197,500,3,5,256,512,Tanh(),LeakyReLU(negative_slope=0.01),None,MSELoss(),0.5,False,0.01,torch.optim.Adam,0.0001,43,0.53214926
6198,500,3,5,256,512,Tanh(),LeakyReLU(negative_slope=0.01),None,MSELoss(),0.5,False,1e-05,torch.optim.Adam,0.0001,55,0.55959845
6199,500,3,5,256,512,Tanh(),LeakyReLU(negative_slope=0.01),None,MSELoss(),0.5,True,0.01,torch.optim.Adam,0.0001,41,0.5215674
6200,500,3,5,256,512,Tanh(),LeakyReLU(negative_slope=0.01),None,MSELoss(),0.5,True,1e-05,torch.optim.Adam,0.0001,95,1.5598577
6201,500,3,5,256,512,LeakyReLU(negative_slope=0.01),LeakyReLU(negative_slope=0.01),None,MSELoss(),0,False,0.01,torch.optim.Adam,0.0001,25,0.5367148
6202,500,3,5,256,512,LeakyReLU(negative_slope=0.01),LeakyReLU(negative_slope=0.01),None,MSELoss(),0,False,1e-05,torch.optim.Adam,0.0001,400,0.514086
6203,500,3,5,256,512,LeakyReLU(negative_slope=0.01),LeakyReLU(negative_slope=0.01),None,MSELoss(),0,True,0.01,torch.optim.Adam,0.0001,14,0.6544886
6204,500,3,5,256,512,LeakyReLU(negative_slope=0.01),LeakyReLU(negative_slope=0.01),None,MSELoss(),0,True,1e-05,torch.optim.Adam,0.0001,199,0.54707044
6205,500,3,5,256,512,LeakyReLU(negative_slope=0.01),LeakyReLU(negative_slope=0.01),None,MSELoss(),0.5,False,0.01,torch.optim.Adam,0.0001,8,0.90228736
6206,500,3,5,256,512,LeakyReLU(negative_slope=0.01),LeakyReLU(negative_slope=0.01),None,MSELoss(),0.5,False,1e-05,torch.optim.Adam,0.0001,41,0.54777706
6207,500,3,5,256,512,LeakyReLU(negative_slope=0.01),LeakyReLU(negative_slope=0.01),None,MSELoss(),0.5,True,0.01,torch.optim.Adam,0.0001,58,0.51927423
6208,500,3,5,256,512,LeakyReLU(negative_slope=0.01),LeakyReLU(negative_slope=0.01),None,MSELoss(),0.5,True,1e-05,torch.optim.Adam,0.0001,80,1.5421625
6209,500,3,7,64,16,Tanh(),LeakyReLU(negative_slope=0.01),None,MSELoss(),0,False,0.01,torch.optim.Adam,0.0001,9,7419.2524
6210,500,3,7,64,16,Tanh(),LeakyReLU(negative_slope=0.01),None,MSELoss(),0,False,1e-05,torch.optim.Adam,0.0001,499,0.51623803
6211,500,3,7,64,16,Tanh(),LeakyReLU(negative_slope=0.01),None,MSELoss(),0.5,False,0.01,torch.optim.Adam,0.0001,10,13992.676
6212,500,3,7,64,16,Tanh(),LeakyReLU(negative_slope=0.01),None,MSELoss(),0.5,False,1e-05,torch.optim.Adam,0.0001,85,0.597336
6213,500,3,7,64,16,LeakyReLU(negative_slope=0.01),LeakyReLU(negative_slope=0.01),None,MSELoss(),0,False,0.01,torch.optim.Adam,0.0001,8,12.731208
6214,500,3,7,64,16,LeakyReLU(negative_slope=0.01),LeakyReLU(negative_slope=0.01),None,MSELoss(),0,False,1e-05,torch.optim.Adam,0.0001,386,0.5180626
6215,500,3,7,64,16,LeakyReLU(negative_slope=0.01),LeakyReLU(negative_slope=0.01),None,MSELoss(),0.5,False,0.01,torch.optim.Adam,0.0001,16,682788.7
6216,500,3,7,64,16,LeakyReLU(negative_slope=0.01),LeakyReLU(negative_slope=0.01),None,MSELoss(),0.5,False,1e-05,torch.optim.Adam,0.0001,59,0.6410367
6217,500,3,7,64,64,Tanh(),LeakyReLU(negative_slope=0.01),None,MSELoss(),0,False,0.01,torch.optim.Adam,0.0001,9,2.5482829
6218,500,3,7,64,64,Tanh(),LeakyReLU(negative_slope=0.01),None,MSELoss(),0,False,1e-05,torch.optim.Adam,0.0001,499,0.514494
6219,500,3,7,64,64,Tanh(),LeakyReLU(negative_slope=0.01),None,MSELoss(),0,True,0.01,torch.optim.Adam,0.0001,88,0.54176956
6220,500,3,7,64,64,Tanh(),LeakyReLU(negative_slope=0.01),None,MSELoss(),0,True,1e-05,torch.optim.Adam,0.0001,213,0.9276485
6221,500,3,7,64,64,Tanh(),LeakyReLU(negative_slope=0.01),None,MSELoss(),0.5,False,0.01,torch.optim.Adam,0.0001,11,46.609104
6222,500,3,7,64,64,Tanh(),LeakyReLU(negative_slope=0.01),None,MSELoss(),0.5,False,1e-05,torch.optim.Adam,0.0001,86,0.6362291
6223,500,3,7,64,64,Tanh(),LeakyReLU(negative_slope=0.01),None,MSELoss(),0.5,True,0.01,torch.optim.Adam,0.0001,20,0.5319535
6224,500,3,7,64,64,Tanh(),LeakyReLU(negative_slope=0.01),None,MSELoss(),0.5,True,1e-05,torch.optim.Adam,0.0001,50,1.0509917
6225,500,3,7,64,64,LeakyReLU(negative_slope=0.01),LeakyReLU(negative_slope=0.01),None,MSELoss(),0,False,0.01,torch.optim.Adam,0.0001,9,0.62165546
6226,500,3,7,64,64,LeakyReLU(negative_slope=0.01),LeakyReLU(negative_slope=0.01),None,MSELoss(),0,False,1e-05,torch.optim.Adam,0.0001,499,0.5146144
6227,500,3,7,64,64,LeakyReLU(negative_slope=0.01),LeakyReLU(negative_slope=0.01),None,MSELoss(),0,True,0.01,torch.optim.Adam,0.0001,44,0.5209322
6228,500,3,7,64,64,LeakyReLU(negative_slope=0.01),LeakyReLU(negative_slope=0.01),None,MSELoss(),0,True,1e-05,torch.optim.Adam,0.0001,224,0.70281476
6229,500,3,7,64,64,LeakyReLU(negative_slope=0.01),LeakyReLU(negative_slope=0.01),None,MSELoss(),0.5,False,0.01,torch.optim.Adam,0.0001,12,1.4963801
6230,500,3,7,64,64,LeakyReLU(negative_slope=0.01),LeakyReLU(negative_slope=0.01),None,MSELoss(),0.5,False,1e-05,torch.optim.Adam,0.0001,69,0.67114145
6231,500,3,7,64,64,LeakyReLU(negative_slope=0.01),LeakyReLU(negative_slope=0.01),None,MSELoss(),0.5,True,0.01,torch.optim.Adam,0.0001,41,0.52630746
6232,500,3,7,64,64,LeakyReLU(negative_slope=0.01),LeakyReLU(negative_slope=0.01),None,MSELoss(),0.5,True,1e-05,torch.optim.Adam,0.0001,95,0.7307468
6233,500,3,7,64,256,Tanh(),LeakyReLU(negative_slope=0.01),None,MSELoss(),0,False,0.01,torch.optim.Adam,0.0001,13,0.51709616
6234,500,3,7,64,256,Tanh(),LeakyReLU(negative_slope=0.01),None,MSELoss(),0,False,1e-05,torch.optim.Adam,0.0001,499,0.51414984
6235,500,3,7,64,256,Tanh(),LeakyReLU(negative_slope=0.01),None,MSELoss(),0,True,0.01,torch.optim.Adam,0.0001,15,0.52287745
6236,500,3,7,64,256,Tanh(),LeakyReLU(negative_slope=0.01),None,MSELoss(),0,True,1e-05,torch.optim.Adam,0.0001,386,0.5623394
6237,500,3,7,64,256,Tanh(),LeakyReLU(negative_slope=0.01),None,MSELoss(),0.5,False,0.01,torch.optim.Adam,0.0001,11,0.67163265
6238,500,3,7,64,256,Tanh(),LeakyReLU(negative_slope=0.01),None,MSELoss(),0.5,False,1e-05,torch.optim.Adam,0.0001,66,0.7743988
6239,500,3,7,64,256,Tanh(),LeakyReLU(negative_slope=0.01),None,MSELoss(),0.5,True,0.01,torch.optim.Adam,0.0001,22,0.52836466
6240,500,3,7,64,256,Tanh(),LeakyReLU(negative_slope=0.01),None,MSELoss(),0.5,True,1e-05,torch.optim.Adam,0.0001,111,1.7035618
6241,500,3,7,64,256,LeakyReLU(negative_slope=0.01),LeakyReLU(negative_slope=0.01),None,MSELoss(),0,False,0.01,torch.optim.Adam,0.0001,26,0.52369803
6242,500,3,7,64,256,LeakyReLU(negative_slope=0.01),LeakyReLU(negative_slope=0.01),None,MSELoss(),0,False,1e-05,torch.optim.Adam,0.0001,499,0.51340204
6243,500,3,7,64,256,LeakyReLU(negative_slope=0.01),LeakyReLU(negative_slope=0.01),None,MSELoss(),0,True,0.01,torch.optim.Adam,0.0001,19,0.5246628
6244,500,3,7,64,256,LeakyReLU(negative_slope=0.01),LeakyReLU(negative_slope=0.01),None,MSELoss(),0,True,1e-05,torch.optim.Adam,0.0001,350,0.5718066
6245,500,3,7,64,256,LeakyReLU(negative_slope=0.01),LeakyReLU(negative_slope=0.01),None,MSELoss(),0.5,False,0.01,torch.optim.Adam,0.0001,15,0.6064516
6246,500,3,7,64,256,LeakyReLU(negative_slope=0.01),LeakyReLU(negative_slope=0.01),None,MSELoss(),0.5,False,1e-05,torch.optim.Adam,0.0001,92,0.76428044
6247,500,3,7,64,256,LeakyReLU(negative_slope=0.01),LeakyReLU(negative_slope=0.01),None,MSELoss(),0.5,True,0.01,torch.optim.Adam,0.0001,30,0.5286355
6248,500,3,7,64,256,LeakyReLU(negative_slope=0.01),LeakyReLU(negative_slope=0.01),None,MSELoss(),0.5,True,1e-05,torch.optim.Adam,0.0001,113,2.7519538
6249,500,3,7,64,512,Tanh(),LeakyReLU(negative_slope=0.01),None,MSELoss(),0,False,0.01,torch.optim.Adam,0.0001,22,0.52168715
6250,500,3,7,64,512,Tanh(),LeakyReLU(negative_slope=0.01),None,MSELoss(),0,False,1e-05,torch.optim.Adam,0.0001,499,0.51475257
6251,500,3,7,64,512,Tanh(),LeakyReLU(negative_slope=0.01),None,MSELoss(),0,True,0.01,torch.optim.Adam,0.0001,18,0.5290633
6252,500,3,7,64,512,Tanh(),LeakyReLU(negative_slope=0.01),None,MSELoss(),0,True,1e-05,torch.optim.Adam,0.0001,439,0.5365637
6253,500,3,7,64,512,Tanh(),LeakyReLU(negative_slope=0.01),None,MSELoss(),0.5,False,0.01,torch.optim.Adam,0.0001,17,0.75720125
6254,500,3,7,64,512,Tanh(),LeakyReLU(negative_slope=0.01),None,MSELoss(),0.5,False,1e-05,torch.optim.Adam,0.0001,97,0.8533667
6255,500,3,7,64,512,Tanh(),LeakyReLU(negative_slope=0.01),None,MSELoss(),0.5,True,0.01,torch.optim.Adam,0.0001,32,0.5340406
6256,500,3,7,64,512,Tanh(),LeakyReLU(negative_slope=0.01),None,MSELoss(),0.5,True,1e-05,torch.optim.Adam,0.0001,224,2.363148
6257,500,3,7,64,512,LeakyReLU(negative_slope=0.01),LeakyReLU(negative_slope=0.01),None,MSELoss(),0,False,0.01,torch.optim.Adam,0.0001,23,0.5168481
6258,500,3,7,64,512,LeakyReLU(negative_slope=0.01),LeakyReLU(negative_slope=0.01),None,MSELoss(),0,False,1e-05,torch.optim.Adam,0.0001,499,0.5129316
6259,500,3,7,64,512,LeakyReLU(negative_slope=0.01),LeakyReLU(negative_slope=0.01),None,MSELoss(),0,True,0.01,torch.optim.Adam,0.0001,29,0.5190763
6260,500,3,7,64,512,LeakyReLU(negative_slope=0.01),LeakyReLU(negative_slope=0.01),None,MSELoss(),0,True,1e-05,torch.optim.Adam,0.0001,359,0.55954355
6261,500,3,7,64,512,LeakyReLU(negative_slope=0.01),LeakyReLU(negative_slope=0.01),None,MSELoss(),0.5,False,0.01,torch.optim.Adam,0.0001,10,0.7841347
6262,500,3,7,64,512,LeakyReLU(negative_slope=0.01),LeakyReLU(negative_slope=0.01),None,MSELoss(),0.5,False,1e-05,torch.optim.Adam,0.0001,121,0.77569014
6263,500,3,7,64,512,LeakyReLU(negative_slope=0.01),LeakyReLU(negative_slope=0.01),None,MSELoss(),0.5,True,0.01,torch.optim.Adam,0.0001,41,0.52757514
6264,500,3,7,64,512,LeakyReLU(negative_slope=0.01),LeakyReLU(negative_slope=0.01),None,MSELoss(),0.5,True,1e-05,torch.optim.Adam,0.0001,193,2.9088962
6265,500,3,7,128,16,Tanh(),LeakyReLU(negative_slope=0.01),None,MSELoss(),0,False,0.01,torch.optim.Adam,0.0001,9,99923.73
6266,500,3,7,128,16,Tanh(),LeakyReLU(negative_slope=0.01),None,MSELoss(),0,False,1e-05,torch.optim.Adam,0.0001,499,0.5250464
6267,500,3,7,128,16,Tanh(),LeakyReLU(negative_slope=0.01),None,MSELoss(),0.5,False,0.01,torch.optim.Adam,0.0001,9,23307658.0
6268,500,3,7,128,16,Tanh(),LeakyReLU(negative_slope=0.01),None,MSELoss(),0.5,False,1e-05,torch.optim.Adam,0.0001,59,0.5859892
6269,500,3,7,128,16,LeakyReLU(negative_slope=0.01),LeakyReLU(negative_slope=0.01),None,MSELoss(),0,False,0.01,torch.optim.Adam,0.0001,9,1650055.1
6270,500,3,7,128,16,LeakyReLU(negative_slope=0.01),LeakyReLU(negative_slope=0.01),None,MSELoss(),0,False,1e-05,torch.optim.Adam,0.0001,156,0.5168463
6271,500,3,7,128,16,LeakyReLU(negative_slope=0.01),LeakyReLU(negative_slope=0.01),None,MSELoss(),0.5,False,0.01,torch.optim.Adam,0.0001,13,3675495200.0
6272,500,3,7,128,16,LeakyReLU(negative_slope=0.01),LeakyReLU(negative_slope=0.01),None,MSELoss(),0.5,False,1e-05,torch.optim.Adam,0.0001,45,0.5998445
6273,500,3,7,128,64,Tanh(),LeakyReLU(negative_slope=0.01),None,MSELoss(),0,False,0.01,torch.optim.Adam,0.0001,13,0.9103057
6274,500,3,7,128,64,Tanh(),LeakyReLU(negative_slope=0.01),None,MSELoss(),0,False,1e-05,torch.optim.Adam,0.0001,378,0.51421267
6275,500,3,7,128,64,Tanh(),LeakyReLU(negative_slope=0.01),None,MSELoss(),0,True,0.01,torch.optim.Adam,0.0001,122,0.6168585
6276,500,3,7,128,64,Tanh(),LeakyReLU(negative_slope=0.01),None,MSELoss(),0,True,1e-05,torch.optim.Adam,0.0001,137,0.7187929
6277,500,3,7,128,64,Tanh(),LeakyReLU(negative_slope=0.01),None,MSELoss(),0.5,False,0.01,torch.optim.Adam,0.0001,10,24717.184
6278,500,3,7,128,64,Tanh(),LeakyReLU(negative_slope=0.01),None,MSELoss(),0.5,False,1e-05,torch.optim.Adam,0.0001,49,0.60920763
6279,500,3,7,128,64,Tanh(),LeakyReLU(negative_slope=0.01),None,MSELoss(),0.5,True,0.01,torch.optim.Adam,0.0001,14,0.5284896
6280,500,3,7,128,64,Tanh(),LeakyReLU(negative_slope=0.01),None,MSELoss(),0.5,True,1e-05,torch.optim.Adam,0.0001,62,1.2744647
6281,500,3,7,128,64,LeakyReLU(negative_slope=0.01),LeakyReLU(negative_slope=0.01),None,MSELoss(),0,False,0.01,torch.optim.Adam,0.0001,15,581.7773
6282,500,3,7,128,64,LeakyReLU(negative_slope=0.01),LeakyReLU(negative_slope=0.01),None,MSELoss(),0,False,1e-05,torch.optim.Adam,0.0001,255,0.51647985
6283,500,3,7,128,64,LeakyReLU(negative_slope=0.01),LeakyReLU(negative_slope=0.01),None,MSELoss(),0,True,0.01,torch.optim.Adam,0.0001,87,0.52227837
6284,500,3,7,128,64,LeakyReLU(negative_slope=0.01),LeakyReLU(negative_slope=0.01),None,MSELoss(),0,True,1e-05,torch.optim.Adam,0.0001,92,0.7013513
6285,500,3,7,128,64,LeakyReLU(negative_slope=0.01),LeakyReLU(negative_slope=0.01),None,MSELoss(),0.5,False,0.01,torch.optim.Adam,0.0001,9,5203789300.0
6286,500,3,7,128,64,LeakyReLU(negative_slope=0.01),LeakyReLU(negative_slope=0.01),None,MSELoss(),0.5,False,1e-05,torch.optim.Adam,0.0001,65,0.58815855
6287,500,3,7,128,64,LeakyReLU(negative_slope=0.01),LeakyReLU(negative_slope=0.01),None,MSELoss(),0.5,True,0.01,torch.optim.Adam,0.0001,10,0.52388483
6288,500,3,7,128,64,LeakyReLU(negative_slope=0.01),LeakyReLU(negative_slope=0.01),None,MSELoss(),0.5,True,1e-05,torch.optim.Adam,0.0001,45,0.92244667
6289,500,3,7,128,256,Tanh(),LeakyReLU(negative_slope=0.01),None,MSELoss(),0,False,0.01,torch.optim.Adam,0.0001,11,0.520866
6290,500,3,7,128,256,Tanh(),LeakyReLU(negative_slope=0.01),None,MSELoss(),0,False,1e-05,torch.optim.Adam,0.0001,499,0.51392525
6291,500,3,7,128,256,Tanh(),LeakyReLU(negative_slope=0.01),None,MSELoss(),0,True,0.01,torch.optim.Adam,0.0001,9,0.54790556
6292,500,3,7,128,256,Tanh(),LeakyReLU(negative_slope=0.01),None,MSELoss(),0,True,1e-05,torch.optim.Adam,0.0001,206,0.5946471
6293,500,3,7,128,256,Tanh(),LeakyReLU(negative_slope=0.01),None,MSELoss(),0.5,False,0.01,torch.optim.Adam,0.0001,8,1424.3934
6294,500,3,7,128,256,Tanh(),LeakyReLU(negative_slope=0.01),None,MSELoss(),0.5,False,1e-05,torch.optim.Adam,0.0001,46,0.7016189
6295,500,3,7,128,256,Tanh(),LeakyReLU(negative_slope=0.01),None,MSELoss(),0.5,True,0.01,torch.optim.Adam,0.0001,24,0.5196757
6296,500,3,7,128,256,Tanh(),LeakyReLU(negative_slope=0.01),None,MSELoss(),0.5,True,1e-05,torch.optim.Adam,0.0001,69,1.7669411
6297,500,3,7,128,256,LeakyReLU(negative_slope=0.01),LeakyReLU(negative_slope=0.01),None,MSELoss(),0,False,0.01,torch.optim.Adam,0.0001,34,0.51994425
6298,500,3,7,128,256,LeakyReLU(negative_slope=0.01),LeakyReLU(negative_slope=0.01),None,MSELoss(),0,False,1e-05,torch.optim.Adam,0.0001,499,0.51322085
6299,500,3,7,128,256,LeakyReLU(negative_slope=0.01),LeakyReLU(negative_slope=0.01),None,MSELoss(),0,True,0.01,torch.optim.Adam,0.0001,10,0.53915966
6300,500,3,7,128,256,LeakyReLU(negative_slope=0.01),LeakyReLU(negative_slope=0.01),None,MSELoss(),0,True,1e-05,torch.optim.Adam,0.0001,257,0.6442713
6301,500,3,7,128,256,LeakyReLU(negative_slope=0.01),LeakyReLU(negative_slope=0.01),None,MSELoss(),0.5,False,0.01,torch.optim.Adam,0.0001,10,40676.383
6302,500,3,7,128,256,LeakyReLU(negative_slope=0.01),LeakyReLU(negative_slope=0.01),None,MSELoss(),0.5,False,1e-05,torch.optim.Adam,0.0001,97,0.6261243
6303,500,3,7,128,256,LeakyReLU(negative_slope=0.01),LeakyReLU(negative_slope=0.01),None,MSELoss(),0.5,True,0.01,torch.optim.Adam,0.0001,24,0.52496165
6304,500,3,7,128,256,LeakyReLU(negative_slope=0.01),LeakyReLU(negative_slope=0.01),None,MSELoss(),0.5,True,1e-05,torch.optim.Adam,0.0001,89,1.9056416
6305,500,3,7,128,512,Tanh(),LeakyReLU(negative_slope=0.01),None,MSELoss(),0,False,0.01,torch.optim.Adam,0.0001,16,0.5163608
6306,500,3,7,128,512,Tanh(),LeakyReLU(negative_slope=0.01),None,MSELoss(),0,False,1e-05,torch.optim.Adam,0.0001,499,0.51379937
6307,500,3,7,128,512,Tanh(),LeakyReLU(negative_slope=0.01),None,MSELoss(),0,True,0.01,torch.optim.Adam,0.0001,12,0.52691376
6308,500,3,7,128,512,Tanh(),LeakyReLU(negative_slope=0.01),None,MSELoss(),0,True,1e-05,torch.optim.Adam,0.0001,230,0.54626155
6309,500,3,7,128,512,Tanh(),LeakyReLU(negative_slope=0.01),None,MSELoss(),0.5,False,0.01,torch.optim.Adam,0.0001,22,3.7579339
6310,500,3,7,128,512,Tanh(),LeakyReLU(negative_slope=0.01),None,MSELoss(),0.5,False,1e-05,torch.optim.Adam,0.0001,78,0.7034363
6311,500,3,7,128,512,Tanh(),LeakyReLU(negative_slope=0.01),None,MSELoss(),0.5,True,0.01,torch.optim.Adam,0.0001,34,0.52539855
6312,500,3,7,128,512,Tanh(),LeakyReLU(negative_slope=0.01),None,MSELoss(),0.5,True,1e-05,torch.optim.Adam,0.0001,166,0.83222884
6313,500,3,7,128,512,LeakyReLU(negative_slope=0.01),LeakyReLU(negative_slope=0.01),None,MSELoss(),0,False,0.01,torch.optim.Adam,0.0001,15,0.51370704
6314,500,3,7,128,512,LeakyReLU(negative_slope=0.01),LeakyReLU(negative_slope=0.01),None,MSELoss(),0,False,1e-05,torch.optim.Adam,0.0001,499,0.51291865
6315,500,3,7,128,512,LeakyReLU(negative_slope=0.01),LeakyReLU(negative_slope=0.01),None,MSELoss(),0,True,0.01,torch.optim.Adam,0.0001,22,0.5246993
6316,500,3,7,128,512,LeakyReLU(negative_slope=0.01),LeakyReLU(negative_slope=0.01),None,MSELoss(),0,True,1e-05,torch.optim.Adam,0.0001,204,0.55378884
6317,500,3,7,128,512,LeakyReLU(negative_slope=0.01),LeakyReLU(negative_slope=0.01),None,MSELoss(),0.5,False,0.01,torch.optim.Adam,0.0001,36,0.6618248
6318,500,3,7,128,512,LeakyReLU(negative_slope=0.01),LeakyReLU(negative_slope=0.01),None,MSELoss(),0.5,False,1e-05,torch.optim.Adam,0.0001,58,0.6860847
6319,500,3,7,128,512,LeakyReLU(negative_slope=0.01),LeakyReLU(negative_slope=0.01),None,MSELoss(),0.5,True,0.01,torch.optim.Adam,0.0001,41,0.5238345
6320,500,3,7,128,512,LeakyReLU(negative_slope=0.01),LeakyReLU(negative_slope=0.01),None,MSELoss(),0.5,True,1e-05,torch.optim.Adam,0.0001,141,2.6360059
6321,500,3,7,256,16,Tanh(),LeakyReLU(negative_slope=0.01),None,MSELoss(),0,False,0.01,torch.optim.Adam,0.0001,9,575.4774
6322,500,3,7,256,16,Tanh(),LeakyReLU(negative_slope=0.01),None,MSELoss(),0,False,1e-05,torch.optim.Adam,0.0001,499,0.5566283
6323,500,3,7,256,16,Tanh(),LeakyReLU(negative_slope=0.01),None,MSELoss(),0.5,False,0.01,torch.optim.Adam,0.0001,9,3.432087e+24
6324,500,3,7,256,16,Tanh(),LeakyReLU(negative_slope=0.01),None,MSELoss(),0.5,False,1e-05,torch.optim.Adam,0.0001,56,0.5494363
6325,500,3,7,256,16,LeakyReLU(negative_slope=0.01),LeakyReLU(negative_slope=0.01),None,MSELoss(),0,False,0.01,torch.optim.Adam,0.0001,11,3969168.5
6326,500,3,7,256,16,LeakyReLU(negative_slope=0.01),LeakyReLU(negative_slope=0.01),None,MSELoss(),0,False,1e-05,torch.optim.Adam,0.0001,60,0.5195965
6327,500,3,7,256,16,LeakyReLU(negative_slope=0.01),LeakyReLU(negative_slope=0.01),None,MSELoss(),0.5,False,0.01,torch.optim.Adam,0.0001,12,182164610000000.0
6328,500,3,7,256,16,LeakyReLU(negative_slope=0.01),LeakyReLU(negative_slope=0.01),None,MSELoss(),0.5,False,1e-05,torch.optim.Adam,0.0001,49,0.55000526
6329,500,3,7,256,64,Tanh(),LeakyReLU(negative_slope=0.01),None,MSELoss(),0,False,0.01,torch.optim.Adam,0.0001,17,0.52565354
6330,500,3,7,256,64,Tanh(),LeakyReLU(negative_slope=0.01),None,MSELoss(),0,False,1e-05,torch.optim.Adam,0.0001,126,0.5142631
6331,500,3,7,256,64,Tanh(),LeakyReLU(negative_slope=0.01),None,MSELoss(),0,True,0.01,torch.optim.Adam,0.0001,80,0.5427888
6332,500,3,7,256,64,Tanh(),LeakyReLU(negative_slope=0.01),None,MSELoss(),0,True,1e-05,torch.optim.Adam,0.0001,45,0.6532885
6333,500,3,7,256,64,Tanh(),LeakyReLU(negative_slope=0.01),None,MSELoss(),0.5,False,0.01,torch.optim.Adam,0.0001,8,2945403400.0
6334,500,3,7,256,64,Tanh(),LeakyReLU(negative_slope=0.01),None,MSELoss(),0.5,False,1e-05,torch.optim.Adam,0.0001,58,0.56713873
6335,500,3,7,256,64,Tanh(),LeakyReLU(negative_slope=0.01),None,MSELoss(),0.5,True,0.01,torch.optim.Adam,0.0001,13,0.5369023
6336,500,3,7,256,64,Tanh(),LeakyReLU(negative_slope=0.01),None,MSELoss(),0.5,True,1e-05,torch.optim.Adam,0.0001,70,2.141575
6337,500,3,7,256,64,LeakyReLU(negative_slope=0.01),LeakyReLU(negative_slope=0.01),None,MSELoss(),0,False,0.01,torch.optim.Adam,0.0001,19,77125050.0
6338,500,3,7,256,64,LeakyReLU(negative_slope=0.01),LeakyReLU(negative_slope=0.01),None,MSELoss(),0,False,1e-05,torch.optim.Adam,0.0001,118,0.51460767
6339,500,3,7,256,64,LeakyReLU(negative_slope=0.01),LeakyReLU(negative_slope=0.01),None,MSELoss(),0,True,0.01,torch.optim.Adam,0.0001,53,0.54913265
6340,500,3,7,256,64,LeakyReLU(negative_slope=0.01),LeakyReLU(negative_slope=0.01),None,MSELoss(),0,True,1e-05,torch.optim.Adam,0.0001,40,0.747433
6341,500,3,7,256,64,LeakyReLU(negative_slope=0.01),LeakyReLU(negative_slope=0.01),None,MSELoss(),0.5,False,0.01,torch.optim.Adam,0.0001,10,30904830000.0
6342,500,3,7,256,64,LeakyReLU(negative_slope=0.01),LeakyReLU(negative_slope=0.01),None,MSELoss(),0.5,False,1e-05,torch.optim.Adam,0.0001,67,0.5671186
6343,500,3,7,256,64,LeakyReLU(negative_slope=0.01),LeakyReLU(negative_slope=0.01),None,MSELoss(),0.5,True,0.01,torch.optim.Adam,0.0001,12,0.518541
6344,500,3,7,256,64,LeakyReLU(negative_slope=0.01),LeakyReLU(negative_slope=0.01),None,MSELoss(),0.5,True,1e-05,torch.optim.Adam,0.0001,41,1.4709541
6345,500,3,7,256,256,Tanh(),LeakyReLU(negative_slope=0.01),None,MSELoss(),0,False,0.01,torch.optim.Adam,0.0001,22,0.51799756
6346,500,3,7,256,256,Tanh(),LeakyReLU(negative_slope=0.01),None,MSELoss(),0,False,1e-05,torch.optim.Adam,0.0001,345,0.51398987
6347,500,3,7,256,256,Tanh(),LeakyReLU(negative_slope=0.01),None,MSELoss(),0,True,0.01,torch.optim.Adam,0.0001,11,0.5621128
6348,500,3,7,256,256,Tanh(),LeakyReLU(negative_slope=0.01),None,MSELoss(),0,True,1e-05,torch.optim.Adam,0.0001,96,0.58764154
6349,500,3,7,256,256,Tanh(),LeakyReLU(negative_slope=0.01),None,MSELoss(),0.5,False,0.01,torch.optim.Adam,0.0001,20,0.6432071
6350,500,3,7,256,256,Tanh(),LeakyReLU(negative_slope=0.01),None,MSELoss(),0.5,False,1e-05,torch.optim.Adam,0.0001,63,0.6125965
6351,500,3,7,256,256,Tanh(),LeakyReLU(negative_slope=0.01),None,MSELoss(),0.5,True,0.01,torch.optim.Adam,0.0001,29,0.53184795
6352,500,3,7,256,256,Tanh(),LeakyReLU(negative_slope=0.01),None,MSELoss(),0.5,True,1e-05,torch.optim.Adam,0.0001,52,1.3084384
6353,500,3,7,256,256,LeakyReLU(negative_slope=0.01),LeakyReLU(negative_slope=0.01),None,MSELoss(),0,False,0.01,torch.optim.Adam,0.0001,25,0.52470666
6354,500,3,7,256,256,LeakyReLU(negative_slope=0.01),LeakyReLU(negative_slope=0.01),None,MSELoss(),0,False,1e-05,torch.optim.Adam,0.0001,219,0.5130595
6355,500,3,7,256,256,LeakyReLU(negative_slope=0.01),LeakyReLU(negative_slope=0.01),None,MSELoss(),0,True,0.01,torch.optim.Adam,0.0001,10,0.5620198
6356,500,3,7,256,256,LeakyReLU(negative_slope=0.01),LeakyReLU(negative_slope=0.01),None,MSELoss(),0,True,1e-05,torch.optim.Adam,0.0001,92,0.5954896
6357,500,3,7,256,256,LeakyReLU(negative_slope=0.01),LeakyReLU(negative_slope=0.01),None,MSELoss(),0.5,False,0.01,torch.optim.Adam,0.0001,17,0.53029305
6358,500,3,7,256,256,LeakyReLU(negative_slope=0.01),LeakyReLU(negative_slope=0.01),None,MSELoss(),0.5,False,1e-05,torch.optim.Adam,0.0001,48,0.6072909
6359,500,3,7,256,256,LeakyReLU(negative_slope=0.01),LeakyReLU(negative_slope=0.01),None,MSELoss(),0.5,True,0.01,torch.optim.Adam,0.0001,43,0.51861596
6360,500,3,7,256,256,LeakyReLU(negative_slope=0.01),LeakyReLU(negative_slope=0.01),None,MSELoss(),0.5,True,1e-05,torch.optim.Adam,0.0001,60,1.4801942
6361,500,3,7,256,512,Tanh(),LeakyReLU(negative_slope=0.01),None,MSELoss(),0,False,0.01,torch.optim.Adam,0.0001,74,0.5122898
6362,500,3,7,256,512,Tanh(),LeakyReLU(negative_slope=0.01),None,MSELoss(),0,False,1e-05,torch.optim.Adam,0.0001,499,0.5144324
6363,500,3,7,256,512,Tanh(),LeakyReLU(negative_slope=0.01),None,MSELoss(),0,True,0.01,torch.optim.Adam,0.0001,17,0.58592963
6364,500,3,7,256,512,Tanh(),LeakyReLU(negative_slope=0.01),None,MSELoss(),0,True,1e-05,torch.optim.Adam,0.0001,155,0.57639056
6365,500,3,7,256,512,Tanh(),LeakyReLU(negative_slope=0.01),None,MSELoss(),0.5,False,0.01,torch.optim.Adam,0.0001,18,0.64133066
6366,500,3,7,256,512,Tanh(),LeakyReLU(negative_slope=0.01),None,MSELoss(),0.5,False,1e-05,torch.optim.Adam,0.0001,48,0.63760066
6367,500,3,7,256,512,Tanh(),LeakyReLU(negative_slope=0.01),None,MSELoss(),0.5,True,0.01,torch.optim.Adam,0.0001,51,0.5226777
6368,500,3,7,256,512,Tanh(),LeakyReLU(negative_slope=0.01),None,MSELoss(),0.5,True,1e-05,torch.optim.Adam,0.0001,82,2.3309107
6369,500,3,7,256,512,LeakyReLU(negative_slope=0.01),LeakyReLU(negative_slope=0.01),None,MSELoss(),0,False,0.01,torch.optim.Adam,0.0001,24,0.517825
6370,500,3,7,256,512,LeakyReLU(negative_slope=0.01),LeakyReLU(negative_slope=0.01),None,MSELoss(),0,False,1e-05,torch.optim.Adam,0.0001,492,0.5157725
6371,500,3,7,256,512,LeakyReLU(negative_slope=0.01),LeakyReLU(negative_slope=0.01),None,MSELoss(),0,True,0.01,torch.optim.Adam,0.0001,16,0.54643077
6372,500,3,7,256,512,LeakyReLU(negative_slope=0.01),LeakyReLU(negative_slope=0.01),None,MSELoss(),0,True,1e-05,torch.optim.Adam,0.0001,153,0.592197
6373,500,3,7,256,512,LeakyReLU(negative_slope=0.01),LeakyReLU(negative_slope=0.01),None,MSELoss(),0.5,False,0.01,torch.optim.Adam,0.0001,40,0.52913743
6374,500,3,7,256,512,LeakyReLU(negative_slope=0.01),LeakyReLU(negative_slope=0.01),None,MSELoss(),0.5,False,1e-05,torch.optim.Adam,0.0001,50,0.61793363
6375,500,3,7,256,512,LeakyReLU(negative_slope=0.01),LeakyReLU(negative_slope=0.01),None,MSELoss(),0.5,True,0.01,torch.optim.Adam,0.0001,45,0.52134264
6376,500,3,7,256,512,LeakyReLU(negative_slope=0.01),LeakyReLU(negative_slope=0.01),None,MSELoss(),0.5,True,1e-05,torch.optim.Adam,0.0001,82,2.731337
6377,500,3,10,64,16,Tanh(),LeakyReLU(negative_slope=0.01),None,MSELoss(),0,False,0.01,torch.optim.Adam,0.0001,22,0.6726915
6378,500,3,10,64,16,Tanh(),LeakyReLU(negative_slope=0.01),None,MSELoss(),0,False,1e-05,torch.optim.Adam,0.0001,499,0.515852
6379,500,3,10,64,16,Tanh(),LeakyReLU(negative_slope=0.01),None,MSELoss(),0.5,False,0.01,torch.optim.Adam,0.0001,21,529.94836
6380,500,3,10,64,16,Tanh(),LeakyReLU(negative_slope=0.01),None,MSELoss(),0.5,False,1e-05,torch.optim.Adam,0.0001,73,0.6857434
6381,500,3,10,64,16,LeakyReLU(negative_slope=0.01),LeakyReLU(negative_slope=0.01),None,MSELoss(),0,False,0.01,torch.optim.Adam,0.0001,23,12.070187
6382,500,3,10,64,16,LeakyReLU(negative_slope=0.01),LeakyReLU(negative_slope=0.01),None,MSELoss(),0,False,1e-05,torch.optim.Adam,0.0001,430,0.5198712
6383,500,3,10,64,16,LeakyReLU(negative_slope=0.01),LeakyReLU(negative_slope=0.01),None,MSELoss(),0.5,False,0.01,torch.optim.Adam,0.0001,17,35.00756
6384,500,3,10,64,16,LeakyReLU(negative_slope=0.01),LeakyReLU(negative_slope=0.01),None,MSELoss(),0.5,False,1e-05,torch.optim.Adam,0.0001,71,0.65304065
6385,500,3,10,64,64,Tanh(),LeakyReLU(negative_slope=0.01),None,MSELoss(),0,False,0.01,torch.optim.Adam,0.0001,8,1.4692931
6386,500,3,10,64,64,Tanh(),LeakyReLU(negative_slope=0.01),None,MSELoss(),0,False,1e-05,torch.optim.Adam,0.0001,499,0.51507324
6387,500,3,10,64,64,Tanh(),LeakyReLU(negative_slope=0.01),None,MSELoss(),0,True,0.01,torch.optim.Adam,0.0001,8,0.5483805
6388,500,3,10,64,64,Tanh(),LeakyReLU(negative_slope=0.01),None,MSELoss(),0,True,1e-05,torch.optim.Adam,0.0001,120,0.6888966
6389,500,3,10,64,64,Tanh(),LeakyReLU(negative_slope=0.01),None,MSELoss(),0.5,False,0.01,torch.optim.Adam,0.0001,17,0.7512975
6390,500,3,10,64,64,Tanh(),LeakyReLU(negative_slope=0.01),None,MSELoss(),0.5,False,1e-05,torch.optim.Adam,0.0001,66,0.70259595
6391,500,3,10,64,64,Tanh(),LeakyReLU(negative_slope=0.01),None,MSELoss(),0.5,True,0.01,torch.optim.Adam,0.0001,15,0.54410154
6392,500,3,10,64,64,Tanh(),LeakyReLU(negative_slope=0.01),None,MSELoss(),0.5,True,1e-05,torch.optim.Adam,0.0001,77,0.98208195
6393,500,3,10,64,64,LeakyReLU(negative_slope=0.01),LeakyReLU(negative_slope=0.01),None,MSELoss(),0,False,0.01,torch.optim.Adam,0.0001,9,3.3927836
6394,500,3,10,64,64,LeakyReLU(negative_slope=0.01),LeakyReLU(negative_slope=0.01),None,MSELoss(),0,False,1e-05,torch.optim.Adam,0.0001,499,0.5134798
6395,500,3,10,64,64,LeakyReLU(negative_slope=0.01),LeakyReLU(negative_slope=0.01),None,MSELoss(),0,True,0.01,torch.optim.Adam,0.0001,49,0.5153209
6396,500,3,10,64,64,LeakyReLU(negative_slope=0.01),LeakyReLU(negative_slope=0.01),None,MSELoss(),0,True,1e-05,torch.optim.Adam,0.0001,139,0.82074726
6397,500,3,10,64,64,LeakyReLU(negative_slope=0.01),LeakyReLU(negative_slope=0.01),None,MSELoss(),0.5,False,0.01,torch.optim.Adam,0.0001,31,0.6550639
6398,500,3,10,64,64,LeakyReLU(negative_slope=0.01),LeakyReLU(negative_slope=0.01),None,MSELoss(),0.5,False,1e-05,torch.optim.Adam,0.0001,42,0.7149138
6399,500,3,10,64,64,LeakyReLU(negative_slope=0.01),LeakyReLU(negative_slope=0.01),None,MSELoss(),0.5,True,0.01,torch.optim.Adam,0.0001,33,0.527722
6400,500,3,10,64,64,LeakyReLU(negative_slope=0.01),LeakyReLU(negative_slope=0.01),None,MSELoss(),0.5,True,1e-05,torch.optim.Adam,0.0001,44,1.3392694
6401,500,3,10,64,256,Tanh(),LeakyReLU(negative_slope=0.01),None,MSELoss(),0,False,0.01,torch.optim.Adam,0.0001,8,0.52436924
6402,500,3,10,64,256,Tanh(),LeakyReLU(negative_slope=0.01),None,MSELoss(),0,False,1e-05,torch.optim.Adam,0.0001,499,0.51440823
6403,500,3,10,64,256,Tanh(),LeakyReLU(negative_slope=0.01),None,MSELoss(),0,True,0.01,torch.optim.Adam,0.0001,11,0.5315465
6404,500,3,10,64,256,Tanh(),LeakyReLU(negative_slope=0.01),None,MSELoss(),0,True,1e-05,torch.optim.Adam,0.0001,203,0.60603225
6405,500,3,10,64,256,Tanh(),LeakyReLU(negative_slope=0.01),None,MSELoss(),0.5,False,0.01,torch.optim.Adam,0.0001,8,7.560327
6406,500,3,10,64,256,Tanh(),LeakyReLU(negative_slope=0.01),None,MSELoss(),0.5,False,1e-05,torch.optim.Adam,0.0001,51,0.95187515
6407,500,3,10,64,256,Tanh(),LeakyReLU(negative_slope=0.01),None,MSELoss(),0.5,True,0.01,torch.optim.Adam,0.0001,35,0.5320608
6408,500,3,10,64,256,Tanh(),LeakyReLU(negative_slope=0.01),None,MSELoss(),0.5,True,1e-05,torch.optim.Adam,0.0001,96,2.2990327
6409,500,3,10,64,256,LeakyReLU(negative_slope=0.01),LeakyReLU(negative_slope=0.01),None,MSELoss(),0,False,0.01,torch.optim.Adam,0.0001,21,6179.712
6410,500,3,10,64,256,LeakyReLU(negative_slope=0.01),LeakyReLU(negative_slope=0.01),None,MSELoss(),0,False,1e-05,torch.optim.Adam,0.0001,499,0.51313967
6411,500,3,10,64,256,LeakyReLU(negative_slope=0.01),LeakyReLU(negative_slope=0.01),None,MSELoss(),0,True,0.01,torch.optim.Adam,0.0001,17,0.53844285
6412,500,3,10,64,256,LeakyReLU(negative_slope=0.01),LeakyReLU(negative_slope=0.01),None,MSELoss(),0,True,1e-05,torch.optim.Adam,0.0001,164,0.6250148
6413,500,3,10,64,256,LeakyReLU(negative_slope=0.01),LeakyReLU(negative_slope=0.01),None,MSELoss(),0.5,False,0.01,torch.optim.Adam,0.0001,10,0.6551239
6414,500,3,10,64,256,LeakyReLU(negative_slope=0.01),LeakyReLU(negative_slope=0.01),None,MSELoss(),0.5,False,1e-05,torch.optim.Adam,0.0001,120,0.7459687
6415,500,3,10,64,256,LeakyReLU(negative_slope=0.01),LeakyReLU(negative_slope=0.01),None,MSELoss(),0.5,True,0.01,torch.optim.Adam,0.0001,36,0.5289635
6416,500,3,10,64,256,LeakyReLU(negative_slope=0.01),LeakyReLU(negative_slope=0.01),None,MSELoss(),0.5,True,1e-05,torch.optim.Adam,0.0001,128,1.6816463
6417,500,3,10,64,512,Tanh(),LeakyReLU(negative_slope=0.01),None,MSELoss(),0,False,0.01,torch.optim.Adam,0.0001,15,0.5280287
6418,500,3,10,64,512,Tanh(),LeakyReLU(negative_slope=0.01),None,MSELoss(),0,False,1e-05,torch.optim.Adam,0.0001,499,0.5138527
6419,500,3,10,64,512,Tanh(),LeakyReLU(negative_slope=0.01),None,MSELoss(),0,True,0.01,torch.optim.Adam,0.0001,19,0.52299833
6420,500,3,10,64,512,Tanh(),LeakyReLU(negative_slope=0.01),None,MSELoss(),0,True,1e-05,torch.optim.Adam,0.0001,207,0.58078045
6421,500,3,10,64,512,Tanh(),LeakyReLU(negative_slope=0.01),None,MSELoss(),0.5,False,0.01,torch.optim.Adam,0.0001,12,0.98883617
6422,500,3,10,64,512,Tanh(),LeakyReLU(negative_slope=0.01),None,MSELoss(),0.5,False,1e-05,torch.optim.Adam,0.0001,94,0.9662185
6423,500,3,10,64,512,Tanh(),LeakyReLU(negative_slope=0.01),None,MSELoss(),0.5,True,0.01,torch.optim.Adam,0.0001,37,0.5333195
6424,500,3,10,64,512,Tanh(),LeakyReLU(negative_slope=0.01),None,MSELoss(),0.5,True,1e-05,torch.optim.Adam,0.0001,198,3.9357302
6425,500,3,10,64,512,LeakyReLU(negative_slope=0.01),LeakyReLU(negative_slope=0.01),None,MSELoss(),0,False,0.01,torch.optim.Adam,0.0001,31,0.51882553
6426,500,3,10,64,512,LeakyReLU(negative_slope=0.01),LeakyReLU(negative_slope=0.01),None,MSELoss(),0,False,1e-05,torch.optim.Adam,0.0001,499,0.5130448
6427,500,3,10,64,512,LeakyReLU(negative_slope=0.01),LeakyReLU(negative_slope=0.01),None,MSELoss(),0,True,0.01,torch.optim.Adam,0.0001,22,0.53078336
6428,500,3,10,64,512,LeakyReLU(negative_slope=0.01),LeakyReLU(negative_slope=0.01),None,MSELoss(),0,True,1e-05,torch.optim.Adam,0.0001,213,0.6668932
6429,500,3,10,64,512,LeakyReLU(negative_slope=0.01),LeakyReLU(negative_slope=0.01),None,MSELoss(),0.5,False,0.01,torch.optim.Adam,0.0001,8,3.0062256
6430,500,3,10,64,512,LeakyReLU(negative_slope=0.01),LeakyReLU(negative_slope=0.01),None,MSELoss(),0.5,False,1e-05,torch.optim.Adam,0.0001,58,1.1863173
6431,500,3,10,64,512,LeakyReLU(negative_slope=0.01),LeakyReLU(negative_slope=0.01),None,MSELoss(),0.5,True,0.01,torch.optim.Adam,0.0001,59,0.53393185
6432,500,3,10,64,512,LeakyReLU(negative_slope=0.01),LeakyReLU(negative_slope=0.01),None,MSELoss(),0.5,True,1e-05,torch.optim.Adam,0.0001,193,3.1046336
6433,500,3,10,128,16,Tanh(),LeakyReLU(negative_slope=0.01),None,MSELoss(),0,False,0.01,torch.optim.Adam,0.0001,10,1540083.8
6434,500,3,10,128,16,Tanh(),LeakyReLU(negative_slope=0.01),None,MSELoss(),0,False,1e-05,torch.optim.Adam,0.0001,499,0.527089
6435,500,3,10,128,16,Tanh(),LeakyReLU(negative_slope=0.01),None,MSELoss(),0.5,False,0.01,torch.optim.Adam,0.0001,15,995314500000.0
6436,500,3,10,128,16,Tanh(),LeakyReLU(negative_slope=0.01),None,MSELoss(),0.5,False,1e-05,torch.optim.Adam,0.0001,44,0.65071994
6437,500,3,10,128,16,LeakyReLU(negative_slope=0.01),LeakyReLU(negative_slope=0.01),None,MSELoss(),0,False,0.01,torch.optim.Adam,0.0001,11,1875356.9
6438,500,3,10,128,16,LeakyReLU(negative_slope=0.01),LeakyReLU(negative_slope=0.01),None,MSELoss(),0,False,1e-05,torch.optim.Adam,0.0001,159,0.51730704
6439,500,3,10,128,16,LeakyReLU(negative_slope=0.01),LeakyReLU(negative_slope=0.01),None,MSELoss(),0.5,False,0.01,torch.optim.Adam,0.0001,8,11862450000000.0
6440,500,3,10,128,16,LeakyReLU(negative_slope=0.01),LeakyReLU(negative_slope=0.01),None,MSELoss(),0.5,False,1e-05,torch.optim.Adam,0.0001,42,0.6835014
6441,500,3,10,128,64,Tanh(),LeakyReLU(negative_slope=0.01),None,MSELoss(),0,False,0.01,torch.optim.Adam,0.0001,13,9295072.0
6442,500,3,10,128,64,Tanh(),LeakyReLU(negative_slope=0.01),None,MSELoss(),0,False,1e-05,torch.optim.Adam,0.0001,370,0.51439846
6443,500,3,10,128,64,Tanh(),LeakyReLU(negative_slope=0.01),None,MSELoss(),0,True,0.01,torch.optim.Adam,0.0001,57,0.5533463
6444,500,3,10,128,64,Tanh(),LeakyReLU(negative_slope=0.01),None,MSELoss(),0,True,1e-05,torch.optim.Adam,0.0001,109,0.7289775
6445,500,3,10,128,64,Tanh(),LeakyReLU(negative_slope=0.01),None,MSELoss(),0.5,False,0.01,torch.optim.Adam,0.0001,29,1558297000.0
6446,500,3,10,128,64,Tanh(),LeakyReLU(negative_slope=0.01),None,MSELoss(),0.5,False,1e-05,torch.optim.Adam,0.0001,56,0.66594255
6447,500,3,10,128,64,Tanh(),LeakyReLU(negative_slope=0.01),None,MSELoss(),0.5,True,0.01,torch.optim.Adam,0.0001,11,0.5353494
6448,500,3,10,128,64,Tanh(),LeakyReLU(negative_slope=0.01),None,MSELoss(),0.5,True,1e-05,torch.optim.Adam,0.0001,73,0.7677614
6449,500,3,10,128,64,LeakyReLU(negative_slope=0.01),LeakyReLU(negative_slope=0.01),None,MSELoss(),0,False,0.01,torch.optim.Adam,0.0001,16,120479965000.0
6450,500,3,10,128,64,LeakyReLU(negative_slope=0.01),LeakyReLU(negative_slope=0.01),None,MSELoss(),0,False,1e-05,torch.optim.Adam,0.0001,296,0.51426625
6451,500,3,10,128,64,LeakyReLU(negative_slope=0.01),LeakyReLU(negative_slope=0.01),None,MSELoss(),0,True,0.01,torch.optim.Adam,0.0001,65,0.52133805
6452,500,3,10,128,64,LeakyReLU(negative_slope=0.01),LeakyReLU(negative_slope=0.01),None,MSELoss(),0,True,1e-05,torch.optim.Adam,0.0001,93,0.82552004
6453,500,3,10,128,64,LeakyReLU(negative_slope=0.01),LeakyReLU(negative_slope=0.01),None,MSELoss(),0.5,False,0.01,torch.optim.Adam,0.0001,21,2.3228255e+16
6454,500,3,10,128,64,LeakyReLU(negative_slope=0.01),LeakyReLU(negative_slope=0.01),None,MSELoss(),0.5,False,1e-05,torch.optim.Adam,0.0001,85,0.6886117
6455,500,3,10,128,64,LeakyReLU(negative_slope=0.01),LeakyReLU(negative_slope=0.01),None,MSELoss(),0.5,True,0.01,torch.optim.Adam,0.0001,35,0.5232662
6456,500,3,10,128,64,LeakyReLU(negative_slope=0.01),LeakyReLU(negative_slope=0.01),None,MSELoss(),0.5,True,1e-05,torch.optim.Adam,0.0001,57,0.7848801
6457,500,3,10,128,256,Tanh(),LeakyReLU(negative_slope=0.01),None,MSELoss(),0,False,0.01,torch.optim.Adam,0.0001,19,0.52196926
6458,500,3,10,128,256,Tanh(),LeakyReLU(negative_slope=0.01),None,MSELoss(),0,False,1e-05,torch.optim.Adam,0.0001,499,0.51306176
6459,500,3,10,128,256,Tanh(),LeakyReLU(negative_slope=0.01),None,MSELoss(),0,True,0.01,torch.optim.Adam,0.0001,11,0.5237278
6460,500,3,10,128,256,Tanh(),LeakyReLU(negative_slope=0.01),None,MSELoss(),0,True,1e-05,torch.optim.Adam,0.0001,125,0.6168248
6461,500,3,10,128,256,Tanh(),LeakyReLU(negative_slope=0.01),None,MSELoss(),0.5,False,0.01,torch.optim.Adam,0.0001,33,0.71608853
6462,500,3,10,128,256,Tanh(),LeakyReLU(negative_slope=0.01),None,MSELoss(),0.5,False,1e-05,torch.optim.Adam,0.0001,52,0.8266091
6463,500,3,10,128,256,Tanh(),LeakyReLU(negative_slope=0.01),None,MSELoss(),0.5,True,0.01,torch.optim.Adam,0.0001,38,0.520572
6464,500,3,10,128,256,Tanh(),LeakyReLU(negative_slope=0.01),None,MSELoss(),0.5,True,1e-05,torch.optim.Adam,0.0001,66,1.7984024
6465,500,3,10,128,256,LeakyReLU(negative_slope=0.01),LeakyReLU(negative_slope=0.01),None,MSELoss(),0,False,0.01,torch.optim.Adam,0.0001,18,393970140.0
6466,500,3,10,128,256,LeakyReLU(negative_slope=0.01),LeakyReLU(negative_slope=0.01),None,MSELoss(),0,False,1e-05,torch.optim.Adam,0.0001,499,0.51354736
6467,500,3,10,128,256,LeakyReLU(negative_slope=0.01),LeakyReLU(negative_slope=0.01),None,MSELoss(),0,True,0.01,torch.optim.Adam,0.0001,8,0.54725105
6468,500,3,10,128,256,LeakyReLU(negative_slope=0.01),LeakyReLU(negative_slope=0.01),None,MSELoss(),0,True,1e-05,torch.optim.Adam,0.0001,123,0.6230745
6469,500,3,10,128,256,LeakyReLU(negative_slope=0.01),LeakyReLU(negative_slope=0.01),None,MSELoss(),0.5,False,0.01,torch.optim.Adam,0.0001,8,324644800000.0
6470,500,3,10,128,256,LeakyReLU(negative_slope=0.01),LeakyReLU(negative_slope=0.01),None,MSELoss(),0.5,False,1e-05,torch.optim.Adam,0.0001,66,0.7586603
6471,500,3,10,128,256,LeakyReLU(negative_slope=0.01),LeakyReLU(negative_slope=0.01),None,MSELoss(),0.5,True,0.01,torch.optim.Adam,0.0001,29,0.5213884
6472,500,3,10,128,256,LeakyReLU(negative_slope=0.01),LeakyReLU(negative_slope=0.01),None,MSELoss(),0.5,True,1e-05,torch.optim.Adam,0.0001,74,1.5452185
6473,500,3,10,128,512,Tanh(),LeakyReLU(negative_slope=0.01),None,MSELoss(),0,False,0.01,torch.optim.Adam,0.0001,21,0.55521387
6474,500,3,10,128,512,Tanh(),LeakyReLU(negative_slope=0.01),None,MSELoss(),0,False,1e-05,torch.optim.Adam,0.0001,499,0.5129845
6475,500,3,10,128,512,Tanh(),LeakyReLU(negative_slope=0.01),None,MSELoss(),0,True,0.01,torch.optim.Adam,0.0001,8,0.54672706
6476,500,3,10,128,512,Tanh(),LeakyReLU(negative_slope=0.01),None,MSELoss(),0,True,1e-05,torch.optim.Adam,0.0001,140,0.60622317
6477,500,3,10,128,512,Tanh(),LeakyReLU(negative_slope=0.01),None,MSELoss(),0.5,False,0.01,torch.optim.Adam,0.0001,9,257.0097
6478,500,3,10,128,512,Tanh(),LeakyReLU(negative_slope=0.01),None,MSELoss(),0.5,False,1e-05,torch.optim.Adam,0.0001,66,0.8426084
6479,500,3,10,128,512,Tanh(),LeakyReLU(negative_slope=0.01),None,MSELoss(),0.5,True,0.01,torch.optim.Adam,0.0001,40,0.523232
6480,500,3,10,128,512,Tanh(),LeakyReLU(negative_slope=0.01),None,MSELoss(),0.5,True,1e-05,torch.optim.Adam,0.0001,137,2.7625833
6481,500,3,10,128,512,LeakyReLU(negative_slope=0.01),LeakyReLU(negative_slope=0.01),None,MSELoss(),0,False,0.01,torch.optim.Adam,0.0001,11,0.53227395
6482,500,3,10,128,512,LeakyReLU(negative_slope=0.01),LeakyReLU(negative_slope=0.01),None,MSELoss(),0,False,1e-05,torch.optim.Adam,0.0001,499,0.51290524
6483,500,3,10,128,512,LeakyReLU(negative_slope=0.01),LeakyReLU(negative_slope=0.01),None,MSELoss(),0,True,0.01,torch.optim.Adam,0.0001,11,0.53597355
6484,500,3,10,128,512,LeakyReLU(negative_slope=0.01),LeakyReLU(negative_slope=0.01),None,MSELoss(),0,True,1e-05,torch.optim.Adam,0.0001,166,0.60186297
6485,500,3,10,128,512,LeakyReLU(negative_slope=0.01),LeakyReLU(negative_slope=0.01),None,MSELoss(),0.5,False,0.01,torch.optim.Adam,0.0001,14,0.6595675
6486,500,3,10,128,512,LeakyReLU(negative_slope=0.01),LeakyReLU(negative_slope=0.01),None,MSELoss(),0.5,False,1e-05,torch.optim.Adam,0.0001,98,0.7676475
6487,500,3,10,128,512,LeakyReLU(negative_slope=0.01),LeakyReLU(negative_slope=0.01),None,MSELoss(),0.5,True,0.01,torch.optim.Adam,0.0001,39,0.52277213
6488,500,3,10,128,512,LeakyReLU(negative_slope=0.01),LeakyReLU(negative_slope=0.01),None,MSELoss(),0.5,True,1e-05,torch.optim.Adam,0.0001,121,2.591212
6489,500,3,10,256,16,Tanh(),LeakyReLU(negative_slope=0.01),None,MSELoss(),0,False,0.01,torch.optim.Adam,0.0001,9,7.028932e+31
6490,500,3,10,256,16,Tanh(),LeakyReLU(negative_slope=0.01),None,MSELoss(),0,False,1e-05,torch.optim.Adam,0.0001,470,0.55250853
6491,500,3,10,256,16,Tanh(),LeakyReLU(negative_slope=0.01),None,MSELoss(),0.5,False,0.01,torch.optim.Adam,0.0001,8,3.8708617e+28
6492,500,3,10,256,16,Tanh(),LeakyReLU(negative_slope=0.01),None,MSELoss(),0.5,False,1e-05,torch.optim.Adam,0.0001,54,0.57395494
6493,500,3,10,256,16,LeakyReLU(negative_slope=0.01),LeakyReLU(negative_slope=0.01),None,MSELoss(),0,False,0.01,torch.optim.Adam,0.0001,11,247340860000.0
6494,500,3,10,256,16,LeakyReLU(negative_slope=0.01),LeakyReLU(negative_slope=0.01),None,MSELoss(),0,False,1e-05,torch.optim.Adam,0.0001,396,0.55376196
6495,500,3,10,256,16,LeakyReLU(negative_slope=0.01),LeakyReLU(negative_slope=0.01),None,MSELoss(),0.5,False,0.01,torch.optim.Adam,0.0001,8,11317517000000.0
6496,500,3,10,256,16,LeakyReLU(negative_slope=0.01),LeakyReLU(negative_slope=0.01),None,MSELoss(),0.5,False,1e-05,torch.optim.Adam,0.0001,39,0.60411394
6497,500,3,10,256,64,Tanh(),LeakyReLU(negative_slope=0.01),None,MSELoss(),0,False,0.01,torch.optim.Adam,0.0001,12,348473350000000.0
6498,500,3,10,256,64,Tanh(),LeakyReLU(negative_slope=0.01),None,MSELoss(),0,False,1e-05,torch.optim.Adam,0.0001,499,0.52948475
6499,500,3,10,256,64,Tanh(),LeakyReLU(negative_slope=0.01),None,MSELoss(),0,True,0.01,torch.optim.Adam,0.0001,103,0.5910591
6500,500,3,10,256,64,Tanh(),LeakyReLU(negative_slope=0.01),None,MSELoss(),0,True,1e-05,torch.optim.Adam,0.0001,31,0.73267835
6501,500,3,10,256,64,Tanh(),LeakyReLU(negative_slope=0.01),None,MSELoss(),0.5,False,0.01,torch.optim.Adam,0.0001,8,1878699500000000.0
6502,500,3,10,256,64,Tanh(),LeakyReLU(negative_slope=0.01),None,MSELoss(),0.5,False,1e-05,torch.optim.Adam,0.0001,42,0.6768803
6503,500,3,10,256,64,Tanh(),LeakyReLU(negative_slope=0.01),None,MSELoss(),0.5,True,0.01,torch.optim.Adam,0.0001,15,0.52612203
6504,500,3,10,256,64,Tanh(),LeakyReLU(negative_slope=0.01),None,MSELoss(),0.5,True,1e-05,torch.optim.Adam,0.0001,83,1.1764587
6505,500,3,10,256,64,LeakyReLU(negative_slope=0.01),LeakyReLU(negative_slope=0.01),None,MSELoss(),0,False,0.01,torch.optim.Adam,0.0001,17,89815600000000.0
6506,500,3,10,256,64,LeakyReLU(negative_slope=0.01),LeakyReLU(negative_slope=0.01),None,MSELoss(),0,False,1e-05,torch.optim.Adam,0.0001,133,0.5154624
6507,500,3,10,256,64,LeakyReLU(negative_slope=0.01),LeakyReLU(negative_slope=0.01),None,MSELoss(),0,True,0.01,torch.optim.Adam,0.0001,166,0.5748288
6508,500,3,10,256,64,LeakyReLU(negative_slope=0.01),LeakyReLU(negative_slope=0.01),None,MSELoss(),0,True,1e-05,torch.optim.Adam,0.0001,28,0.727441
6509,500,3,10,256,64,LeakyReLU(negative_slope=0.01),LeakyReLU(negative_slope=0.01),None,MSELoss(),0.5,False,0.01,torch.optim.Adam,0.0001,9,872056.7
6510,500,3,10,256,64,LeakyReLU(negative_slope=0.01),LeakyReLU(negative_slope=0.01),None,MSELoss(),0.5,False,1e-05,torch.optim.Adam,0.0001,34,0.7198106
6511,500,3,10,256,64,LeakyReLU(negative_slope=0.01),LeakyReLU(negative_slope=0.01),None,MSELoss(),0.5,True,0.01,torch.optim.Adam,0.0001,31,0.5206433
6512,500,3,10,256,64,LeakyReLU(negative_slope=0.01),LeakyReLU(negative_slope=0.01),None,MSELoss(),0.5,True,1e-05,torch.optim.Adam,0.0001,53,1.0661005
6513,500,3,10,256,256,Tanh(),LeakyReLU(negative_slope=0.01),None,MSELoss(),0,False,0.01,torch.optim.Adam,0.0001,14,0.5280306
6514,500,3,10,256,256,Tanh(),LeakyReLU(negative_slope=0.01),None,MSELoss(),0,False,1e-05,torch.optim.Adam,0.0001,362,0.51702064
6515,500,3,10,256,256,Tanh(),LeakyReLU(negative_slope=0.01),None,MSELoss(),0,True,0.01,torch.optim.Adam,0.0001,15,0.5337797
6516,500,3,10,256,256,Tanh(),LeakyReLU(negative_slope=0.01),None,MSELoss(),0,True,1e-05,torch.optim.Adam,0.0001,75,0.71458536
6517,500,3,10,256,256,Tanh(),LeakyReLU(negative_slope=0.01),None,MSELoss(),0.5,False,0.01,torch.optim.Adam,0.0001,33,0.65074855
6518,500,3,10,256,256,Tanh(),LeakyReLU(negative_slope=0.01),None,MSELoss(),0.5,False,1e-05,torch.optim.Adam,0.0001,45,0.77308357
6519,500,3,10,256,256,Tanh(),LeakyReLU(negative_slope=0.01),None,MSELoss(),0.5,True,0.01,torch.optim.Adam,0.0001,33,0.52252537
6520,500,3,10,256,256,Tanh(),LeakyReLU(negative_slope=0.01),None,MSELoss(),0.5,True,1e-05,torch.optim.Adam,0.0001,70,1.3637093
6521,500,3,10,256,256,LeakyReLU(negative_slope=0.01),LeakyReLU(negative_slope=0.01),None,MSELoss(),0,False,0.01,torch.optim.Adam,0.0001,17,0.5203903
6522,500,3,10,256,256,LeakyReLU(negative_slope=0.01),LeakyReLU(negative_slope=0.01),None,MSELoss(),0,False,1e-05,torch.optim.Adam,0.0001,333,0.51576775
6523,500,3,10,256,256,LeakyReLU(negative_slope=0.01),LeakyReLU(negative_slope=0.01),None,MSELoss(),0,True,0.01,torch.optim.Adam,0.0001,10,0.5304685
6524,500,3,10,256,256,LeakyReLU(negative_slope=0.01),LeakyReLU(negative_slope=0.01),None,MSELoss(),0,True,1e-05,torch.optim.Adam,0.0001,59,0.6270118
6525,500,3,10,256,256,LeakyReLU(negative_slope=0.01),LeakyReLU(negative_slope=0.01),None,MSELoss(),0.5,False,0.01,torch.optim.Adam,0.0001,23,0.5960753
6526,500,3,10,256,256,LeakyReLU(negative_slope=0.01),LeakyReLU(negative_slope=0.01),None,MSELoss(),0.5,False,1e-05,torch.optim.Adam,0.0001,58,0.7404693
6527,500,3,10,256,256,LeakyReLU(negative_slope=0.01),LeakyReLU(negative_slope=0.01),None,MSELoss(),0.5,True,0.01,torch.optim.Adam,0.0001,49,0.5182945
6528,500,3,10,256,256,LeakyReLU(negative_slope=0.01),LeakyReLU(negative_slope=0.01),None,MSELoss(),0.5,True,1e-05,torch.optim.Adam,0.0001,57,1.9762987
6529,500,3,10,256,512,Tanh(),LeakyReLU(negative_slope=0.01),None,MSELoss(),0,False,0.01,torch.optim.Adam,0.0001,64,0.52248555
6530,500,3,10,256,512,Tanh(),LeakyReLU(negative_slope=0.01),None,MSELoss(),0,False,1e-05,torch.optim.Adam,0.0001,486,0.51298356
6531,500,3,10,256,512,Tanh(),LeakyReLU(negative_slope=0.01),None,MSELoss(),0,True,0.01,torch.optim.Adam,0.0001,8,0.54912746
6532,500,3,10,256,512,Tanh(),LeakyReLU(negative_slope=0.01),None,MSELoss(),0,True,1e-05,torch.optim.Adam,0.0001,78,0.61597586
6533,500,3,10,256,512,Tanh(),LeakyReLU(negative_slope=0.01),None,MSELoss(),0.5,False,0.01,torch.optim.Adam,0.0001,39,0.66255885
6534,500,3,10,256,512,Tanh(),LeakyReLU(negative_slope=0.01),None,MSELoss(),0.5,False,1e-05,torch.optim.Adam,0.0001,56,0.7961931
6535,500,3,10,256,512,Tanh(),LeakyReLU(negative_slope=0.01),None,MSELoss(),0.5,True,0.01,torch.optim.Adam,0.0001,56,0.5179455
6536,500,3,10,256,512,Tanh(),LeakyReLU(negative_slope=0.01),None,MSELoss(),0.5,True,1e-05,torch.optim.Adam,0.0001,86,2.3300734
6537,500,3,10,256,512,LeakyReLU(negative_slope=0.01),LeakyReLU(negative_slope=0.01),None,MSELoss(),0,False,0.01,torch.optim.Adam,0.0001,11,0.52895623
6538,500,3,10,256,512,LeakyReLU(negative_slope=0.01),LeakyReLU(negative_slope=0.01),None,MSELoss(),0,False,1e-05,torch.optim.Adam,0.0001,360,0.5137236
6539,500,3,10,256,512,LeakyReLU(negative_slope=0.01),LeakyReLU(negative_slope=0.01),None,MSELoss(),0,True,0.01,torch.optim.Adam,0.0001,17,0.564091
6540,500,3,10,256,512,LeakyReLU(negative_slope=0.01),LeakyReLU(negative_slope=0.01),None,MSELoss(),0,True,1e-05,torch.optim.Adam,0.0001,93,0.6666935
6541,500,3,10,256,512,LeakyReLU(negative_slope=0.01),LeakyReLU(negative_slope=0.01),None,MSELoss(),0.5,False,0.01,torch.optim.Adam,0.0001,23,0.6612447
6542,500,3,10,256,512,LeakyReLU(negative_slope=0.01),LeakyReLU(negative_slope=0.01),None,MSELoss(),0.5,False,1e-05,torch.optim.Adam,0.0001,79,0.71642435
6543,500,3,10,256,512,LeakyReLU(negative_slope=0.01),LeakyReLU(negative_slope=0.01),None,MSELoss(),0.5,True,0.01,torch.optim.Adam,0.0001,51,0.519573
6544,500,3,10,256,512,LeakyReLU(negative_slope=0.01),LeakyReLU(negative_slope=0.01),None,MSELoss(),0.5,True,1e-05,torch.optim.Adam,0.0001,82,2.012479
